module,currentPath,proposedPath,status,className,uidPath,uidText,currentSha256,uidSha256,dependentProductScripts,batch
combat,scripts/actors/enemies/base_enemy.gd,scripts/gameplay/actors/enemies/base_enemy.gd,ACTIVE_AI_OR_STABLE_PLAYER_HOLD,BaseEnemy,scripts/actors/enemies/base_enemy.gd.uid,uid://c85of46jkmg1w,6b81935741d9cb930c9eb452e119a1e0a5ddada0fa62b0ea4e1515e8eb278d53,640118b6ec6fbe997ff09ecba016b4c2b0520ba34d18b90c7b608b9d0cd93526,7,PROPOSAL_ONLY_NO_MOVE
combat,scripts/actors/enemies/boss_golem.gd,scripts/gameplay/actors/enemies/boss_golem.gd,ACTIVE_AI_OR_STABLE_PLAYER_HOLD,BossGolem,scripts/actors/enemies/boss_golem.gd.uid,uid://c02r8572yb3fc,2a30b4085ed348f6187e8ccfd3543488ed752ffd73a5e75c8226a4fdd96faf73,8bb6f849da3137823e2e3240f75a868dff5f0980c26c3cac33af94632f952cb9,7,PROPOSAL_ONLY_NO_MOVE
combat,scripts/actors/enemies/boss_state.gd,scripts/gameplay/actors/enemies/boss_state.gd,ACTIVE_AI_OR_STABLE_PLAYER_HOLD,,scripts/actors/enemies/boss_state.gd.uid,uid://bo3sy02mfwiuj,d363851ef911fb09542127f302e2938e36fb24be91b413875f43f85b0e265091,4c7abcb770ed3c368db2f8d58d2e0ea11c07e3ad3cc7e3e0234d7f12d1e74cd6,0,PROPOSAL_ONLY_NO_MOVE
combat,scripts/actors/enemies/enemy_hazard.gd,scripts/gameplay/actors/enemies/enemy_hazard.gd,ACTIVE_AI_OR_STABLE_PLAYER_HOLD,EnemyHazard,scripts/actors/enemies/enemy_hazard.gd.uid,uid://dukllskxeqai5,205277f3ef8c6a81abf67336464753092c69d86199b2a8ba38bc7024b3141cf7,e4df90143f71403842a656e87837f56174bb3f32ab48aec4b2fa12fe898d5952,4,PROPOSAL_ONLY_NO_MOVE
combat,scripts/actors/enemies/enemy_shield_health.gd,scripts/gameplay/actors/enemies/enemy_shield_health.gd,ACTIVE_AI_OR_STABLE_PLAYER_HOLD,EnemyShieldHealth,scripts/actors/enemies/enemy_shield_health.gd.uid,uid://bmc5g3it3sjfn,2a5ae7d7db87c91341272e42d17a81a3f28ee12713598c9e6c4908453ae40192,5a09ab035d450332b1d7fc540cf013b2e3fcee4509b557b7728ea58e1cc21a9e,2,PROPOSAL_ONLY_NO_MOVE
combat,scripts/actors/enemies/mutant_slime.gd,scripts/gameplay/actors/enemies/mutant_slime.gd,ACTIVE_AI_OR_STABLE_PLAYER_HOLD,MutantSlime,scripts/actors/enemies/mutant_slime.gd.uid,uid://haq8bqlnqosj,aa4de98a108abbd2ed0d25cebb36a789d1c18eed9e92052de4264d6b70c335fe,403556f9d09c3b3bdbbe27e69e5fc1188f3751857673ee33ff09faff8fda72ff,1,PROPOSAL_ONLY_NO_MOVE
combat,scripts/actors/enemies/slime_enemy.gd,scripts/gameplay/actors/enemies/slime_enemy.gd,ACTIVE_AI_OR_STABLE_PLAYER_HOLD,SlimeEnemy,scripts/actors/enemies/slime_enemy.gd.uid,uid://cqmeo7e8vogoc,d632372e2da7091de064c3ccf6537e45f0f2801fd987dc19dcd4a5af4c1c9a1a,8f8b15f6c88b0ecdc7145e05705e9eeb29344a528e3c3305a2f67562a334b840,10,PROPOSAL_ONLY_NO_MOVE
combat,scripts/actors/enemies/slime_state.gd,scripts/gameplay/actors/enemies/slime_state.gd,ACTIVE_AI_OR_STABLE_PLAYER_HOLD,SlimeState,scripts/actors/enemies/slime_state.gd.uid,uid://m88833ky22cu,895ce647d2a1f08d640d1b3d7ca2c924e4281b4983f8ba161de568e3a53e22fc,6f6a45eb1d3bd8207cb39417e8ba90c29529dca434a4b0a460f3c060c945fc1b,0,PROPOSAL_ONLY_NO_MOVE
combat,scripts/actors/enemies/world_enemy_hazard.gd,scripts/gameplay/actors/enemies/world_enemy_hazard.gd,ACTIVE_AI_OR_STABLE_PLAYER_HOLD,WorldEnemyHazard,scripts/actors/enemies/world_enemy_hazard.gd.uid,uid://frk1hl4vb42v,580758189c787546397a73b2dcdeff9e79b0418e7f3e392df3cf9ce3e1216a90,d642656faa27ec09ec0ff81dca40d7c7a9eee56a916dc54e6d0fd748ea9113ae,1,PROPOSAL_ONLY_NO_MOVE
combat,scripts/actors/enemies/world_enemy_motor.gd,scripts/gameplay/actors/enemies/world_enemy_motor.gd,ACTIVE_AI_OR_STABLE_PLAYER_HOLD,WorldEnemyMotor,scripts/actors/enemies/world_enemy_motor.gd.uid,uid://dfujbxvbjb2bt,d9d956a168a44108d2601ca596ee087a192d9b8bca198d78c5432217baa84aec,98a117b8a7da945c6c20ef2faec414ee4a9621af7bc95f1ab8378daa14b7c279,1,PROPOSAL_ONLY_NO_MOVE
combat,scripts/actors/enemies/world_enemy_state.gd,scripts/gameplay/actors/enemies/world_enemy_state.gd,ACTIVE_AI_OR_STABLE_PLAYER_HOLD,WorldEnemyState,scripts/actors/enemies/world_enemy_state.gd.uid,uid://d0xdg60g8cjdq,ea3344ef7a057ceb6985140874bf64d5d99d84e99968d645171a8baff8fa5921,e63ea02c899b0c19779ca3b1201291c856ae29e97dbd0e3a6683db51bcebc9ed,1,PROPOSAL_ONLY_NO_MOVE
combat,scripts/actors/player/build_player_motor.gd,scripts/gameplay/actors/player/build_player_motor.gd,ACTIVE_AI_OR_STABLE_PLAYER_HOLD,BuildPlayerMotor,scripts/actors/player/build_player_motor.gd.uid,uid://js1wkyhiie6t,6e6beca203492d85fdbbd6e2885f58e88093b16d609555568b2d3dda7837f689,00a3e6e7ef3fe97f93aeb039838b1548f62b39b622bcf2ebd928bbdaa1da1722,4,PROPOSAL_ONLY_NO_MOVE
combat,scripts/actors/player/hit_reaction_component.gd,scripts/gameplay/actors/player/hit_reaction_component.gd,ACTIVE_AI_OR_STABLE_PLAYER_HOLD,HitReactionComponent,scripts/actors/player/hit_reaction_component.gd.uid,uid://dxgn251p4qjcu,333e3c8cb9fa970d967317ff2dca0e3eea575c12d28df068bcc9624c72c0d334,447c7cbc6c71bea983b0ebc153112625e7b45d39b0c999a04677f0614cab8b67,4,PROPOSAL_ONLY_NO_MOVE
combat,scripts/actors/player/player.gd,scripts/gameplay/actors/player/player.gd,ACTIVE_AI_OR_STABLE_PLAYER_HOLD,Player,scripts/actors/player/player.gd.uid,uid://cyv0kwyjqxobr,30a65bd2f7ba22fbf2ed40d0a262fa6ea78664b6871728c4a126ab0282337402,9fbd6ab0180a8a3d9e55733834eb76c6766bb8288bf0d1aa66c850b85c0a6d3e,34,PROPOSAL_ONLY_NO_MOVE
combat,scripts/actors/player/player_aim.gd,scripts/gameplay/actors/player/player_aim.gd,ACTIVE_AI_OR_STABLE_PLAYER_HOLD,PlayerAim,scripts/actors/player/player_aim.gd.uid,uid://5me5on1rwjc2,1b30325d4839cae4e3c10dfb7a9cec0e0618e85c91f7ab8a44ef7e19fa6aafbc,498248dc4a3a0dc0f357bd6cf913f67bef999dca884247182ff69c1db526aed3,3,PROPOSAL_ONLY_NO_MOVE
combat,scripts/actors/player/player_attack_state.gd,scripts/gameplay/actors/player/player_attack_state.gd,ACTIVE_AI_OR_STABLE_PLAYER_HOLD,PlayerAttackState,scripts/actors/player/player_attack_state.gd.uid,uid://ch1an2ncn3pta,a2f5d1f986041f932ffc7d4d5e32f7cab73c5e134fc50ced0c25594449c676f6,de88e845677b5c7918a2f111506a31f7bd5af94152753ed50b159fed45bc8238,0,PROPOSAL_ONLY_NO_MOVE
combat,scripts/actors/player/player_cast_state.gd,scripts/gameplay/actors/player/player_cast_state.gd,ACTIVE_AI_OR_STABLE_PLAYER_HOLD,PlayerCastState,scripts/actors/player/player_cast_state.gd.uid,uid://6qtmi2thu00,73bda12eb8de4e8f1ffb12699e44b3bababd9e50f0a3f646c815a400d7a60735,2a4a756fcbc12dd993bf74e454add0ddafac6755102dc422e3af35273856d925,1,PROPOSAL_ONLY_NO_MOVE
combat,scripts/actors/player/player_dash_state.gd,scripts/gameplay/actors/player/player_dash_state.gd,ACTIVE_AI_OR_STABLE_PLAYER_HOLD,PlayerDashState,scripts/actors/player/player_dash_state.gd.uid,uid://bup0emtkfc8kg,46de62f3e64de761f12008d634411d2d19070b2e6689488e8d30bdb08356e3ed,c8adebbcf073ae7a327240990ab383b474212bf6331faadb6d198d09754d93f8,0,PROPOSAL_ONLY_NO_MOVE
combat,scripts/actors/player/player_hurt_state.gd,scripts/gameplay/actors/player/player_hurt_state.gd,ACTIVE_AI_OR_STABLE_PLAYER_HOLD,PlayerHurtState,scripts/actors/player/player_hurt_state.gd.uid,uid://dp28n181taq1k,84baa9e7528e81a0b60694ec326e7e977e8ef5a223bbb176b7fad9e0d8ed75d3,871795203972ccfac9b9ae1e069d55d96025c51a027e69d968facd6bc32dc39b,0,PROPOSAL_ONLY_NO_MOVE
combat,scripts/actors/player/player_locomotion_state.gd,scripts/gameplay/actors/player/player_locomotion_state.gd,ACTIVE_AI_OR_STABLE_PLAYER_HOLD,PlayerLocomotionState,scripts/actors/player/player_locomotion_state.gd.uid,uid://cj7xfd4wpopvg,5ee50d0913d92a4ece5178ce201b92ed02c4cd327c62ca8076fcaae37b3c8d6a,97e7f5b73f1032e2621ef5d7cb808b177d5e4775f3f710ec3198c7bcb9d87706,0,PROPOSAL_ONLY_NO_MOVE
combat,scripts/actors/player/player_motor.gd,scripts/gameplay/actors/player/player_motor.gd,ACTIVE_AI_OR_STABLE_PLAYER_HOLD,PlayerMotor,scripts/actors/player/player_motor.gd.uid,uid://bmc3ch5uc06dk,0306aee477520f9c0e26f6e1b5c82bd74251142174888b754dcf40ffb30ceddd,7e077c354575a71bb7dfe1f38eb47197e141b5d62748cbcc43f2cb81ed9c030a,4,PROPOSAL_ONLY_NO_MOVE
combat,scripts/actors/training_dummy.gd,scripts/gameplay/actors/training_dummy.gd,ACTIVE_AI_OR_STABLE_PLAYER_HOLD,TrainingDummy,scripts/actors/training_dummy.gd.uid,uid://dwg017nsl2c8t,fffbbf3bde8822762e59d0586df4cbd978e2411b957ebe13c6cd34dbc573cbeb,97955039650ddb1213420bfccbd309c50282381ddd3fa2e0692542157cbafbb0,5,PROPOSAL_ONLY_NO_MOVE
core,scripts/audio/audio_manager.gd,scripts/core/audio/audio_manager.gd,AUTOLOAD_OR_AUDIO_DEFERRED,,scripts/audio/audio_manager.gd.uid,uid://c6ofl2ko66k6d,cd1a7fb7999233ec2d4d84fddd351db4c22758bcebd4ab7a17dcf56ab0fe821a,7a3f6857197478d63dd07513a2e70d17fa17c1fb2929e358a2f430bc63926ffa,0,PROPOSAL_ONLY_NO_MOVE
presentation,scripts/audio/pilgrimage_audio.gd,scripts/presentation/audio/pilgrimage_audio.gd,ROOM_OWNED_AUDIO_DEFERRED,PilgrimageAudio,scripts/audio/pilgrimage_audio.gd.uid,uid://c6lmf6lcrvakm,5d283e8f2e8a744a745fd26b73123a3ddae3a8233c81e2c13ddef9a27b280045,96c616c235e6a76848c6312a5ab0ffdc2d513a659c9a471988c8fea9fda7925d,1,PROPOSAL_ONLY_NO_MOVE
presentation,scripts/audio/pilgrimage_sound_bank.gd,scripts/presentation/audio/pilgrimage_sound_bank.gd,ROOM_OWNED_AUDIO_DEFERRED,PilgrimageSoundBank,scripts/audio/pilgrimage_sound_bank.gd.uid,uid://denik2qocxvoe,61ec63230a7cb9e1d8593b0d26486b1968ce5826694cf37344ec94543b24a0ea,200074c16a107e7ea3f5c33237e62ce509a6f1bd2104f394babe2cb1f6383b9e,1,PROPOSAL_ONLY_NO_MOVE
combat,scripts/combat/actor_combat_rig.gd,scripts/gameplay/combat/actor_combat_rig.gd,STABLE_COMBAT_DEFERRED,ActorCombatRig,scripts/combat/actor_combat_rig.gd.uid,uid://c0ut1aouui8rl,8993bbfa8fdcbb817f4248c7f3a6f817a58a0ca3a802ec1dcecd31cc5d7db42f,bf54f77790dd7076c65d864aff0c9c81de5a4c529705edba95d44ad80bf0302a,6,PROPOSAL_ONLY_NO_MOVE
combat,scripts/combat/attack_snapshot.gd,scripts/gameplay/combat/attack_snapshot.gd,STABLE_COMBAT_DEFERRED,AttackSnapshot,scripts/combat/attack_snapshot.gd.uid,uid://dcdc4qrgi64fv,778d3b496d7da090820e21554899f18afdc668d2e21836d95ba423a23505634f,13bd85e7fe27cc1a2173722adc17df6c70bc456a88ae1dc0576f4dc74e463396,14,PROPOSAL_ONLY_NO_MOVE
combat,scripts/combat/combat_feedback.gd,scripts/gameplay/combat/combat_feedback.gd,STABLE_COMBAT_DEFERRED,CombatFeedback,scripts/combat/combat_feedback.gd.uid,uid://wad1ob3060g3,5e748a8ea578fa5c0f661722fa99d805cfb13e9cc8a66cdf94fcd911250585ad,11bd92564eac53f6989526ddc0ddd8a4d3909157e6c02a82f5880d5ed06949ce,30,PROPOSAL_ONLY_NO_MOVE
core,scripts/combat/combat_ids.gd,scripts/core/ids/combat_ids.gd,CORE_LEAF_DEFERRED,CombatIds,scripts/combat/combat_ids.gd.uid,uid://cajanbiw0yhwn,bc5b63d4c8171e0a7599d968e03f1ad65c16b747e7a967b4bda8aeab93160677,a6cbfb85aea2adf75062f000a140fb68f0ba72836d14bc51554f7be694ca6897,21,PROPOSAL_ONLY_NO_MOVE
combat,scripts/combat/damage_event.gd,scripts/gameplay/combat/damage_event.gd,STABLE_COMBAT_DEFERRED,DamageEvent,scripts/combat/damage_event.gd.uid,uid://dpa7edmgmt3x5,fb4d64e1e38b2372e06ef7a0cf37cbd86a89657c9ecdedbce44ef89e1dc6f7f9,9b440423655d0fcbed618f0b808fe0f1bb8328603c02f3a2a03c679c84531214,36,PROPOSAL_ONLY_NO_MOVE
combat,scripts/combat/damage_number_spawner.gd,scripts/gameplay/combat/damage_number_spawner.gd,STABLE_COMBAT_DEFERRED,DamageNumberSpawner,scripts/combat/damage_number_spawner.gd.uid,uid://b01d8bo7frvoe,46a921ec234ef8516831d464001346f769cefdf6365dc31c898ce278705818d0,d01c9a6a957d6ed33122b1ede5d07da6db633e6b4a97e225c1b3aaf82785e98e,3,PROPOSAL_ONLY_NO_MOVE
combat,scripts/combat/damage_resolver.gd,scripts/gameplay/combat/damage_resolver.gd,STABLE_COMBAT_DEFERRED,DamageResolver,scripts/combat/damage_resolver.gd.uid,uid://nr7gfpfxh0bv,fb60afd3e21fbfc58ff2270cc3ef1d61f5001526618240ce7dcf7dd04eaca455,eaec00abe154f668b0a9211c0802fdf210c6e986e83f0fc71a4f0c04e2212fb9,5,PROPOSAL_ONLY_NO_MOVE
combat,scripts/combat/damage_result.gd,scripts/gameplay/combat/damage_result.gd,STABLE_COMBAT_DEFERRED,DamageResult,scripts/combat/damage_result.gd.uid,uid://ck3yvglgiggdk,ef264166d827f7b2bef8f1a9be7aa1d8b1a4d5e551d0d66f829b30abfbd5793e,c5a1132873c8050e97121ec3cc6678d70c84b4e7108a23b40ab29b368865531c,28,PROPOSAL_ONLY_NO_MOVE
combat,scripts/combat/element_status_controller.gd,scripts/gameplay/combat/element_status_controller.gd,STABLE_COMBAT_DEFERRED,ElementStatusController,scripts/combat/element_status_controller.gd.uid,uid://bgri2w2loctcs,6e6a2c9cac0298b6e4a0585f25c865375a4355618238ab52f04a56a60ed41fe9,0866410e9b4a29200069d1e170a0460229cc978a666f48584e6097f11fd46ef1,5,PROPOSAL_ONLY_NO_MOVE
combat,scripts/combat/energy_pool.gd,scripts/gameplay/combat/energy_pool.gd,STABLE_COMBAT_DEFERRED,EnergyPool,scripts/combat/energy_pool.gd.uid,uid://c2keop0n058wf,695ffca697e380b7928bf1acab74d214be19261ee8b591c5863140ccae2c63bb,c7947b81d5c78c7abeffbd197024be312d7fbaf42ea072bdfb8f91cf535863a3,1,PROPOSAL_ONLY_NO_MOVE
combat,scripts/combat/floating_combat_text.gd,scripts/gameplay/combat/floating_combat_text.gd,STABLE_COMBAT_DEFERRED,FloatingCombatText,scripts/combat/floating_combat_text.gd.uid,uid://dvrhlnujrjv5v,4eabbd35c817268798e65e105b3c94137efbe0ac07ceeab2383f374c85ac18c3,34248a2cb71e37656c677e18c1c980677d19c01807fc6dbbd1154b0c2ff258a0,5,PROPOSAL_ONLY_NO_MOVE
combat,scripts/combat/health_component.gd,scripts/gameplay/combat/health_component.gd,STABLE_COMBAT_DEFERRED,HealthComponent,scripts/combat/health_component.gd.uid,uid://bjcd1yil7scyn,5b368120b5919d061051a43a4d38ac16d59adc767938942561de8d2511b30842,9c0c15071064c66d1df8fe44171e97564291eebd2ba3f569ec3064f729fa88a7,14,PROPOSAL_ONLY_NO_MOVE
combat,scripts/combat/hitbox.gd,scripts/gameplay/combat/hitbox.gd,STABLE_COMBAT_DEFERRED,Hitbox,scripts/combat/hitbox.gd.uid,uid://n6j406noo0d0,a237886a07f389cec988f1754f27e6cf5ce740560e99e036ade78e9155a85fc8,ad3d39f180c1cdd21a54f51b2bbb2479b4f3ba02ed953efadde8e175cb729e08,10,PROPOSAL_ONLY_NO_MOVE
combat,scripts/combat/hitstop_manager.gd,scripts/gameplay/combat/hitstop_manager.gd,STABLE_COMBAT_DEFERRED,HitstopManager,scripts/combat/hitstop_manager.gd.uid,uid://jqa4k0qw6g67,cff21c149a412c973cbaeed3b3e4f12ca087b2aa37558856fb03f198ceb64e79,ecc7571ea20b3f93a35ae185c735e01573a7f2921018d0928bdd1674011d4679,1,PROPOSAL_ONLY_NO_MOVE
combat,scripts/combat/hurtbox.gd,scripts/gameplay/combat/hurtbox.gd,STABLE_COMBAT_DEFERRED,Hurtbox,scripts/combat/hurtbox.gd.uid,uid://b0iow67houxqs,55cbeed3d79fb091ec482198e235af16d65e526b1da744055808d2ede8fe298e,7f7436aa37b5a6d44f569d9ae4657e84ba137f90cccd57dcdf9f60cc47a09d90,25,PROPOSAL_ONLY_NO_MOVE
combat,scripts/combat/knockback_motor.gd,scripts/gameplay/combat/knockback_motor.gd,STABLE_COMBAT_DEFERRED,KnockbackMotor,scripts/combat/knockback_motor.gd.uid,uid://bgo34rceipeg7,084bbe4cc2bb71db47aceace88fd0ab719765eea0758aa92ac55becd2fc7a0e1,8fbd832bc09e2611347bb85012a9fabc9aab1321b4c2fd398dbdffd1328d9153,4,PROPOSAL_ONLY_NO_MOVE
combat,scripts/combat/status_controller.gd,scripts/gameplay/combat/status_controller.gd,STABLE_COMBAT_DEFERRED,StatusController,scripts/combat/status_controller.gd.uid,uid://cbj5q8rtyvfrw,fe5a8700dc0541bb95e325858dcb30f9b0247a003102c9a101566f89f5992148,6c2887cd800e586ab7d43fccacede2e8d08948cf3bf2fa6318d5ee0912d1a9b2,6,PROPOSAL_ONLY_NO_MOVE
core,scripts/combat/time_scale_claims.gd,scripts/core/clocks/time_scale_claims.gd,CORE_LEAF_DEFERRED,TimeScaleClaims,scripts/combat/time_scale_claims.gd.uid,uid://b7dw2vbl0hb7a,877618bc9da0cd6d8bd46d7ba0297155e8591ddbe6a06bf8d85f8021d9843433,14f1dc8be26504e4fb5553380a7e1cddc18315e7207dfd0a5984c42ee43605c7,6,PROPOSAL_ONLY_NO_MOVE
combat,scripts/combat/weapon.gd,scripts/gameplay/combat/weapon.gd,STABLE_COMBAT_DEFERRED,Weapon,scripts/combat/weapon.gd.uid,uid://vj4antmeff5m,9bb271eddccef7d60820c86d3d47fe45335a367196e1e47244acd3ac97d23a9e,35c110f154365b5e032f80d882a0547deccc5bb53f529d0223970015078c30c0,10,PROPOSAL_ONLY_NO_MOVE
combat,scripts/combat/weapon_build_component.gd,scripts/gameplay/combat/weapon_build_component.gd,STABLE_COMBAT_DEFERRED,WeaponBuildComponent,scripts/combat/weapon_build_component.gd.uid,uid://7jymthsalo03,40e6fd2095e1107942572ea19d269a9a8d76344ecb6a1248544e8e651e4ae7d0,9dac2b69cf7a7f85a8bc05634fc6bf2512d6f6eb553c59eb7256dbd2d4979882,1,PROPOSAL_ONLY_NO_MOVE
survival,scripts/conditions/BodyConditionComponent.gd,scripts/gameplay/survival/BodyConditionComponent.gd,EXISTING_SURVIVAL_DEFERRED,BodyConditionComponent,scripts/conditions/BodyConditionComponent.gd.uid,uid://bm53d8mophrne,4bd9d77bd1ea80eaaffe602b056edd877169a4f5b13c07ae0f1d278e7ce22fcd,b621912ad9f9f98c2fc8e4f7901275667a912a01cd6d7282fe5c5dceeeb059e0,3,PROPOSAL_ONLY_NO_MOVE
cultivation,scripts/cultivation/cultivation_sigil.gd,scripts/gameplay/cultivation/cultivation_sigil.gd,CULTIVATION_ACTIVATION_HOLD,CultivationSigil,scripts/cultivation/cultivation_sigil.gd.uid,uid://cc4lf7vcnqrx3,df565997495d8918eb9b1d72a66ba7cac96ffe6ef3b1c3e092000ccbe272a45d,56674941078160a32b0fde72f4cfa872de3d815d34c958a087ddb5f1c77b5bba,1,PROPOSAL_ONLY_NO_MOVE
cultivation,scripts/cultivation/cultivation_skill_state.gd,scripts/gameplay/cultivation/cultivation_skill_state.gd,CULTIVATION_ACTIVATION_HOLD,CultivationSkillState,scripts/cultivation/cultivation_skill_state.gd.uid,uid://4rqe8yut6gm5,b2192a187b63cb2b1f9d20cc7f6d414092b2a6c8f6b71cd67cd1497f2fd76ffc,e2f53861d96f0e1a946f5507ce59b683ba9d4ef3492cbb2c60440dc7c8b01e47,1,PROPOSAL_ONLY_NO_MOVE
cultivation,scripts/cultivation/cultivation_style_data.gd,scripts/gameplay/cultivation/cultivation_style_data.gd,CULTIVATION_ACTIVATION_HOLD,CultivationStyleData,scripts/cultivation/cultivation_style_data.gd.uid,uid://dnruh6j5q3dbq,48ba5be8d0a632976e2df977043c58fe5cdfb69bb822174613f778f6a4029f91,5330981ca0611bfa8959f55adefa7370975501ffcdafc32afb8a8ff1029324b2,2,PROPOSAL_ONLY_NO_MOVE
ui,scripts/cultivation/cultivation_style_lab.gd,scripts/ui/cultivation/cultivation_style_lab.gd,CULTIVATION_ACTIVATION_HOLD,,scripts/cultivation/cultivation_style_lab.gd.uid,uid://bbfihvg8tluo2,5dbb4890a9cd5e9f6565c55a56c171ac7398e98fc08fba29a09e14dbbd62eb53,dd7e79bf8efd1b36372f2f0eddc2426bac57afc58e1580a0539147a53d03150b,0,PROPOSAL_ONLY_NO_MOVE
cultivation,scripts/cultivation/cultivation_style_runtime.gd,scripts/gameplay/cultivation/cultivation_style_runtime.gd,CULTIVATION_ACTIVATION_HOLD,CultivationStyleRuntime,scripts/cultivation/cultivation_style_runtime.gd.uid,uid://c6ac4o2fqqond,b84ed19a965f3a080801010b06f32c55a10f1c122cc227d2d036a9ea78d30561,3aa4c2b6f61aeefb009484e819277ffe770c4d48f9f9b3da2a089f080993f21d,4,PROPOSAL_ONLY_NO_MOVE
ui,scripts/cultivation/opening_cultivation_panel.gd,scripts/ui/cultivation/opening_cultivation_panel.gd,CULTIVATION_ACTIVATION_HOLD,OpeningCultivationPanel,scripts/cultivation/opening_cultivation_panel.gd.uid,uid://bidp8un5ppx20,6815c15407c3e1ec88ee991717c35708d5fafe68e03178eb746c85590fc50733,a0df0d1a6ae357bb1511036f165afee2245424de920ca419c09a4212471cfb27,0,PROPOSAL_ONLY_NO_MOVE
world,scripts/cultivation/opening_cultivation_session.gd,scripts/world/sessions/opening_cultivation_session.gd,CULTIVATION_NPC_ADAPTER_HOLD,OpeningCultivationSession,scripts/cultivation/opening_cultivation_session.gd.uid,uid://cxsfid0i7ym0y,18ea1ee9c369c1b64d255aacf53f0ed8efaf55b2bf6eec89d6461d4ec786003b,56d1dbef72fd4b3517ebb8e9969da80c16d800a2882093c5b43d39f65475071f,0,PROPOSAL_ONLY_NO_MOVE
cultivation,scripts/cultivation/opening_cultivation_state.gd,scripts/gameplay/cultivation/opening_cultivation_state.gd,CULTIVATION_ACTIVATION_HOLD,OpeningCultivationState,scripts/cultivation/opening_cultivation_state.gd.uid,uid://drch8pxktukpf,943dffef1fbe3cff114f408d0f5fca775ab439417dfbaef2266d6f80df7cc7cf,f67f64bbbcfba0a23c2f3cec9cfc4146f7c2e247754b685576cb5f7c4426e29a,0,PROPOSAL_ONLY_NO_MOVE
world,scripts/cultivation/opening_npc_life_adapter.gd,scripts/world/sessions/opening_npc_life_adapter.gd,CULTIVATION_NPC_ADAPTER_HOLD,,scripts/cultivation/opening_npc_life_adapter.gd.uid,uid://d02qj558jgvsq,0561a65a7f08fe7cf20b5739f1e9df956748df4d5c37b0bda4716b0f3f0d1a39,531fb8dab5b70233762e237c44151952010e85eebe575299c5d84418a08c753f,0,PROPOSAL_ONLY_NO_MOVE
cultivation,scripts/cultivation/opening_style_binding.gd,scripts/gameplay/cultivation/opening_style_binding.gd,CULTIVATION_ACTIVATION_HOLD,OpeningStyleBinding,scripts/cultivation/opening_style_binding.gd.uid,uid://c7ocm7hcbpdv7,c842cbdb0f0cbbc44b2d08119b199c5649fe5f782a9c497f677d7a5af11684ef,90f70e7374fff96462fc8934caebfdadb1edd154ab9ab5522e8f120667ac3131,0,PROPOSAL_ONLY_NO_MOVE
talisman,scripts/definitions/CatalystData.gd,scripts/gameplay/talisman/definitions/CatalystData.gd,IMMUTABLE_DEFINITION_DEFERRED,CatalystData,scripts/definitions/CatalystData.gd.uid,uid://ckuenylekl54u,d5e58251c10ebe16059df8f29b784edaa03e7478405919715b4030c46018abab,f1a9f20e362567152a5f24298e1af31b0eb3e7f0fdfda5cf200ec08cf401ed3f,0,PROPOSAL_ONLY_NO_MOVE
items,scripts/definitions/RelicData.gd,scripts/gameplay/items/definitions/RelicData.gd,IMMUTABLE_DEFINITION_DEFERRED,RelicData,scripts/definitions/RelicData.gd.uid,uid://d00hl8vxinskl,7fbd768566e1ac2cb704b73dd272fb9ca90a9023843dee061d3ad7dcc0d62614,032049a94ce710fe72cac816cb68e7287217ff580df46769ed61f572aeb72de9,5,PROPOSAL_ONLY_NO_MOVE
talisman,scripts/definitions/RuneData.gd,scripts/gameplay/talisman/definitions/RuneData.gd,IMMUTABLE_DEFINITION_DEFERRED,RuneData,scripts/definitions/RuneData.gd.uid,uid://beuvv3pqbk8d5,61d9dc7dc5b4f8108bb6b5b27f787dc738ba20f6e9316ae7fb44ebca166c56f0,7a6225444254c06a02abc48f26933927e3105821f40ad6e2d01b2eb349687437,15,PROPOSAL_ONLY_NO_MOVE
items,scripts/definitions/WeaponData.gd,scripts/gameplay/items/definitions/WeaponData.gd,IMMUTABLE_DEFINITION_DEFERRED,WeaponData,scripts/definitions/WeaponData.gd.uid,uid://b38b3pmy1qkt0,e8622e7caa3fbfca864c428e9b2c1c89f5bb30ad1b7870597ae4da480057f8a5,bcbe679d9054f49fe6740903ae980e2e50432d4e66e4ebf49ed3f4163d720ff4,1,PROPOSAL_ONLY_NO_MOVE
items,scripts/definitions/attack_step_definition.gd,scripts/gameplay/items/definitions/attack_step_definition.gd,IMMUTABLE_DEFINITION_DEFERRED,AttackStepDefinition,scripts/definitions/attack_step_definition.gd.uid,uid://dle20g3ircy5p,c0ab841940d8be19ea5a418d113a66c1d860358bd87b82309bff48791faad63f,6dd2167d8e76c2bdd6f04d4c246a63058c5e3f6415b98a24b1c90d68c713e738,4,PROPOSAL_ONLY_NO_MOVE
talisman,scripts/definitions/catalyst_definition.gd,scripts/gameplay/talisman/definitions/catalyst_definition.gd,IMMUTABLE_DEFINITION_DEFERRED,CatalystDefinition,scripts/definitions/catalyst_definition.gd.uid,uid://dercfnshejif7,b9f81a90238783ccf17caf719b4d92d9247ec016936cd8576aeb01d5d3709486,7a0f2065efb3a596d296867508a940be213d39bd27b67ebb5f49c3ee8322dabd,2,PROPOSAL_ONLY_NO_MOVE
talisman,scripts/definitions/resonance_definition.gd,scripts/gameplay/talisman/definitions/resonance_definition.gd,IMMUTABLE_DEFINITION_DEFERRED,ResonanceDefinition,scripts/definitions/resonance_definition.gd.uid,uid://cvamgksu42n2t,1708a73a6238b5ed10006ed9429e182926359956efcbf336e42c0ef3fa5b2846,08234d9a8bcfa0de528b554b891298d2bba2eed7d960ab05075605f238ee8da4,11,PROPOSAL_ONLY_NO_MOVE
talisman,scripts/definitions/rune_definition.gd,scripts/gameplay/talisman/definitions/rune_definition.gd,IMMUTABLE_DEFINITION_DEFERRED,RuneDefinition,scripts/definitions/rune_definition.gd.uid,uid://b2r8eai4u420n,e73e8b2301ef99889da423995489d35a75d6e5f43bf04b7e93e92e2ed6a8a4dd,ebcc0fc838ca14da5fc4fc05ed8bb5b12bcb8ed420137980ef53e54d7db0656f,1,PROPOSAL_ONLY_NO_MOVE
items,scripts/definitions/weapon_definition.gd,scripts/gameplay/items/definitions/weapon_definition.gd,IMMUTABLE_DEFINITION_DEFERRED,WeaponDefinition,scripts/definitions/weapon_definition.gd.uid,uid://djdyd07laeyxg,bb39ac04e94fc2c771e4b696b9f015dbe0e8ba1a177d102654b57acd3179673b,cc34b358a2d048334b329f3320d4f10500710e88e2bf0369154444cdcda709be,20,PROPOSAL_ONLY_NO_MOVE
world,scripts/environment/campfire.gd,scripts/world/interactions/campfire.gd,ACTIVE_MAP_HOLD,Campfire,scripts/environment/campfire.gd.uid,uid://0etffqwh3jp2,b47a4262157e52ad304e5284becd2b608e3a8a285d692d3e9aa0c74cfc45461f,1ec06d2d7b9c98df1946e4b836fb0a0965d87555189ec99b98c45ccd47dea70e,4,PROPOSAL_ONLY_NO_MOVE
world,scripts/environment/environment_barrier.gd,scripts/world/interactions/environment_barrier.gd,ACTIVE_MAP_HOLD,EnvironmentBarrier,scripts/environment/environment_barrier.gd.uid,uid://b630bhxi3h6as,d30088bf849d3a90cc184a0a0210edf1ebd2e1500b789dfd6141e7afd5f91f01,9e88a4212e145c2749514a88e67e86d829df83a0d6bdd49db29be667b4ce3cfd,5,PROPOSAL_ONLY_NO_MOVE
world,scripts/environment/floor_trap.gd,scripts/world/interactions/floor_trap.gd,ACTIVE_MAP_HOLD,,scripts/environment/floor_trap.gd.uid,uid://eeax4wd2162t,7323c4d5b764d8496c992d2caac28070af1856cc1cba5e6e1e15c2519e38d50a,0d832711094cd6b763ac875f91bc322a5e936a66abaef651c90b86fd65e8da89,0,PROPOSAL_ONLY_NO_MOVE
world,scripts/environment/treasure_chest.gd,scripts/world/interactions/treasure_chest.gd,ACTIVE_MAP_HOLD,TreasureChest,scripts/environment/treasure_chest.gd.uid,uid://c5douaf81dbm2,1a1686dfce5e300670de02199c5984702723a3be8729b95ad308621f42026387,382d8d20b6864274d3fc2dc2cb7342ed0883a26ef39d32bfdddb834b7d7c8b52,6,PROPOSAL_ONLY_NO_MOVE
world,scripts/hub/courier_opportunity.gd,scripts/world/hub/courier_opportunity.gd,SHARED_HUB_COMPOSITION_HOLD,CourierOpportunity,scripts/hub/courier_opportunity.gd.uid,uid://c14576tq2la0i,63d7b3572801b334b964e19007d4bb26420cab8d554d48e03d40364f1c52781e,65c40a37a8435eadf98694fc7e3bf6daacb1013a369a535acf862e1331648f90,1,PROPOSAL_ONLY_NO_MOVE
world,scripts/hub/game_flow.gd,scripts/world/flow/game_flow.gd,SHARED_INTEGRATOR_HOLD,GameFlow,scripts/hub/game_flow.gd.uid,uid://bgcwlf5gb3bmf,8d20d33d07864246b6ede88e96b4c426d47b6c76d7c456ef9ae0eb9d62e53614,f69778526849527f02e6429bb55bf7834ace58a7e21d6074b3727c7dc23d39cc,0,PROPOSAL_ONLY_NO_MOVE
world,scripts/hub/hub_preparation.gd,scripts/world/hub/hub_preparation.gd,SHARED_HUB_COMPOSITION_HOLD,HubPreparation,scripts/hub/hub_preparation.gd.uid,uid://dib3o54858q5v,4a1e0bb621c263635d9d237680537838fcbc366ecb95b8d2c65f3c330f820c88,57689ed5c40126a33849f2cbbebf3e1ef0a0ddfabed4bda2a0aa822188229089,3,PROPOSAL_ONLY_NO_MOVE
world,scripts/hub/hub_training_slime.gd,scripts/world/hub/hub_training_slime.gd,SHARED_HUB_COMPOSITION_HOLD,HubTrainingSlime,scripts/hub/hub_training_slime.gd.uid,uid://clr6qwvibj5aw,067bf9e27c44ca88ceab40b230675261e566b596c58baa21a714a1117d61a00d,a21e53c168bf038d02ed1c970f76dcebd39b344ddd887dd94e2625f28c099532,1,PROPOSAL_ONLY_NO_MOVE
npc,scripts/hub/npc_actor.gd,scripts/npc/services/npc_actor.gd,ACTIVE_NPC_ART_HOLD,HubNpc,scripts/hub/npc_actor.gd.uid,uid://bifnsjy1v1kxr,0a6401db7535a54904c4bdd63d41f3c55deafe03c3176ff85d3da9a18cbe0582,aeaae342da22e9137b4643e576642ae3503e3fb77525b4cf149326db3591411d,4,PROPOSAL_ONLY_NO_MOVE
npc,scripts/hub/npc_catalog.gd,scripts/npc/services/npc_catalog.gd,ACTIVE_NPC_ART_HOLD,NpcCatalog,scripts/hub/npc_catalog.gd.uid,uid://ddnm5vy75nsay,962114d691e38905cf94020270846c4a37e195523e9c40f7b3c2c8a3cfe2bc20,2cfbe18005bfe72d03d6c18d5d2ee173ff53d12754b33bdb804b11c416c9e6f0,2,PROPOSAL_ONLY_NO_MOVE
world,scripts/hub/opening_courier_runtime.gd,scripts/world/hub/opening_courier_runtime.gd,SHARED_HUB_COMPOSITION_HOLD,OpeningCourierRuntime,scripts/hub/opening_courier_runtime.gd.uid,uid://caydxfsoe1630,a9cfefa020e5d6dee83355705c66b0ea4a24267a5332a9941a359b83839d6d29,40d8994999411d5d41ad31b841bd631d3818d8ae76205a2ed69a58b6efef63a5,1,PROPOSAL_ONLY_NO_MOVE
world,scripts/hub/permanent_progression_component.gd,scripts/world/hub/permanent_progression_component.gd,SHARED_HUB_COMPOSITION_HOLD,PermanentProgressionComponent,scripts/hub/permanent_progression_component.gd.uid,uid://rjffm8qpvlj3,e0d77071c6b43e718e565c172dba1a8dacdfce72a2c3c8bd305ca204fd4ef255,8667ddf38e6b433bfc5e2e8522a08c56980ee1730febc687156e694f3c836a38,2,PROPOSAL_ONLY_NO_MOVE
world,scripts/hub/player_home.gd,scripts/world/hub/player_home.gd,SHARED_HUB_COMPOSITION_HOLD,PlayerHome,scripts/hub/player_home.gd.uid,uid://cqgganodxe2ix,2c209839b6ebcb0e3a575ac051a8a1102ee097106422896ec497494c94de18ce,73615c25913963409d331eb079d0ca70ad9f1d5a78bec3d9fc09e2d39c8d3ce7,1,PROPOSAL_ONLY_NO_MOVE
world,scripts/hub/prologue_hub.gd,scripts/world/hub/prologue_hub.gd,SHARED_HUB_COMPOSITION_HOLD,PrologueHub,scripts/hub/prologue_hub.gd.uid,uid://du12hlox1wm84,c798797e1d868901b6701b0df76d16ab999b5e94669f237fb569c8474bd9ddf1,8568d79b13336eddd514a99eb818d3fd1bf76a2f7dceb68cce27a8b3c211e28a,8,PROPOSAL_ONLY_NO_MOVE
world,scripts/hub/prologue_input_router.gd,scripts/world/hub/prologue_input_router.gd,SHARED_HUB_COMPOSITION_HOLD,,scripts/hub/prologue_input_router.gd.uid,uid://degpcxty5yqaa,c2df3a95d6174cef6adecd2ea0253ed6134cf1afbabc7921c3acd03159396f59,0725d0e6b29fe98f59b89270889219890bb9bb54214eacf49b81d7e319075ece,0,PROPOSAL_ONLY_NO_MOVE
world,scripts/hub/safe_hub_component.gd,scripts/world/hub/safe_hub_component.gd,SHARED_HUB_COMPOSITION_HOLD,SafeHubComponent,scripts/hub/safe_hub_component.gd.uid,uid://dyrxape04312e,e93fff1ae63d84181489a3e69ddb08df161c7589ecdbad6d32140b400334045e,894e4914b3fa22242e7b2e3c917d0c41c0e5d3768bf025458f38d5caeb70d2a0,1,PROPOSAL_ONLY_NO_MOVE
world,scripts/hub/safe_inventory_persistence.gd,scripts/world/hub/safe_inventory_persistence.gd,SHARED_HUB_COMPOSITION_HOLD,SafeInventoryPersistence,scripts/hub/safe_inventory_persistence.gd.uid,uid://bgnrxiosg3uki,8edc963d74e26e1cda1fc68951e1afffdeeccf85413337c5630a0b490fccf9b8,6ba1280f3b44d09ffd06b0b7622c43f83ef4ee17bb2a1f61f6279ad08490bcd0,1,PROPOSAL_ONLY_NO_MOVE
world,scripts/hub/sanctuary_hub.gd,scripts/world/hub/sanctuary_hub.gd,SHARED_HUB_COMPOSITION_HOLD,SanctuaryHub,scripts/hub/sanctuary_hub.gd.uid,uid://c44c8lewa6qul,515afc6c7973af4613c775b84b5cd0c232b6005d7333245f2bc06b553fcf8d91,8cbb654acc7fcc61d648b9b184a71ff2e8edc41409f11188acfa12f500335f2f,0,PROPOSAL_ONLY_NO_MOVE
items,scripts/loot/loot_pickup.gd,scripts/gameplay/items/loot/loot_pickup.gd,REWARD_UID_CONTENT_HOLD,LootPickup,scripts/loot/loot_pickup.gd.uid,uid://n5fw1mgygnxy,eca4e4a9157afe94c67a041a218486977bb81b305ae3840af88d8242db908f7f,dd967a1c894eb80479b081cd32d5bfb777e405d4f9a95585c2d130a171bfe277,5,PROPOSAL_ONLY_NO_MOVE
items,scripts/loot/loot_spawner.gd,scripts/gameplay/items/loot/loot_spawner.gd,REWARD_UID_CONTENT_HOLD,LootSpawner,scripts/loot/loot_spawner.gd.uid,uid://kab8jpjerwt8,7dbcf4d33ca3f6ddd6f763880e87ddbf5fffbe195b7fe7e96b34e8a223732acd,49f48bb5500ab1d0f5272a3be1ef57bc34a1fe4ff00df1037251b1d06228c591,2,PROPOSAL_ONLY_NO_MOVE
npc,scripts/npc/npc_pilot_actor.gd,scripts/npc/npc_pilot_actor.gd,ACTIVE_NPC_ART_HOLD,NpcPilotActor,scripts/npc/npc_pilot_actor.gd.uid,uid://b4ensjmcbgsx3,6527c09bd9bcd614419096f3a9af945408e65d73686fc84dc890f23a9ed3fafb,e425fe3165dfcb01c55e4f15e61b82eaa639067fb50bb36d63d5a29864946c25,2,PROPOSAL_ONLY_NO_MOVE
npc,scripts/npc/npc_pilot_catalog.gd,scripts/npc/npc_pilot_catalog.gd,ACTIVE_NPC_ART_HOLD,NpcPilotCatalog,scripts/npc/npc_pilot_catalog.gd.uid,uid://c506ulddd5tne,89dc3658deb4c9398fefd368676a0363fe5a7681af59655a388cfa83a526b42d,1290c4f829b7a763ab5bdcc60d5c0768436c616e11d9b6fbc5eaa102040e8ab6,4,PROPOSAL_ONLY_NO_MOVE
npc,scripts/npc/npc_pilot_resolver.gd,scripts/npc/npc_pilot_resolver.gd,ACTIVE_NPC_ART_HOLD,NpcPilotResolver,scripts/npc/npc_pilot_resolver.gd.uid,uid://cudh3d6k1b14,dbc9642bd93c7e40443f3a29b7095e30bbedae5ca95e1e3a4ad06e5761aa0cc7,70cbd9af267a6ab479f93f045e79bcc1783015f19e5690c365140e43a2f35378,1,PROPOSAL_ONLY_NO_MOVE
npc,scripts/npc/npc_population.gd,scripts/npc/npc_population.gd,ACTIVE_NPC_ART_HOLD,NpcPopulation,scripts/npc/npc_population.gd.uid,uid://dldlpbhgcdeqk,1fa34b5224494f93330bd994943fed1941975a086b7f8da54f993dbc2148a24c,7cfea17ff6a75f1728ea7415d3a3b6305bd32f98d828354300f98923130ad232,2,PROPOSAL_ONLY_NO_MOVE
npc,scripts/npc/npc_social_catalog.gd,scripts/npc/npc_social_catalog.gd,ACTIVE_NPC_ART_HOLD,NpcSocialCatalog,scripts/npc/npc_social_catalog.gd.uid,uid://cm3hbfsfa4to8,0aa28ceeb2725ce5d5e9a80ddb38d57307b460cd52d7b54f22e28baf6246b947,0ed62f5bf803ebd030945401a9056b248d7712c2a5d79ffb045c7b3e0d8d47da,5,PROPOSAL_ONLY_NO_MOVE
npc,scripts/npc/npc_social_progress.gd,scripts/npc/npc_social_progress.gd,ACTIVE_NPC_ART_HOLD,NpcSocialProgress,scripts/npc/npc_social_progress.gd.uid,uid://b1ykgscxj4wx2,319fe2054b81b66fa09fbae00ff05b22a61ade19fbffaa74db30948416a212ce,2af11467a79549a61844fd050b3ad1c8e43852561b10e8f75db0ca2d23e2cf71,2,PROPOSAL_ONLY_NO_MOVE
npc,scripts/npc/npc_world_state.gd,scripts/npc/npc_world_state.gd,ACTIVE_NPC_ART_HOLD,NpcWorldState,scripts/npc/npc_world_state.gd.uid,uid://yyhrfwtx44p1,27ba6b955726dcc3bffebe48a3e946001a483862c9437f95f453d4143578c25f,9687c817e84cb1cdf81475e16a6971d1ef1c2aff3f5130e35d0de3c712acb763,7,PROPOSAL_ONLY_NO_MOVE
npc,scripts/npc/opening_social_runtime.gd,scripts/npc/opening_social_runtime.gd,ACTIVE_NPC_ART_HOLD,OpeningSocialRuntime,scripts/npc/opening_social_runtime.gd.uid,uid://d1jhffmf4neej,81efc597fcb9563d0c7001cdb9b7e6daa538b507f39db59044d379efc8a90735,d131974a5a0fbd0214012400c834a40fb4fc3cbb80104e20b4fe33d830525c42,2,PROPOSAL_ONLY_NO_MOVE
presentation,scripts/presentation/actor_shadow.gd,scripts/presentation/actor_shadow.gd,KEEP_PATH_ACTIVE_ART_INTERSECTION,ActorShadow,scripts/presentation/actor_shadow.gd.uid,uid://b80h3hm242wn5,fc9e9fa49e6a1699d1123685960d601c0eb4637dfd82d8dd88e10510903eac06,072c0724a5c8bd461105008575fcfdb20244e930913cf20204bc78624e145027,4,PROPOSAL_ONLY_NO_MOVE
presentation,scripts/presentation/art_hud.gd,scripts/presentation/art_hud.gd,KEEP_PATH_ACTIVE_ART_INTERSECTION,ArtHUD,scripts/presentation/art_hud.gd.uid,uid://bv4p86ca738nq,3964807c0cb265549d0016d052886eb3b53d4a3e1cdc782e8ca39537da63c492,1701440f4d67810151941b187c0de6e811c3423af83b4c046cc61fa6359b9b47,1,PROPOSAL_ONLY_NO_MOVE
presentation,scripts/presentation/boss_golem_skin.gd,scripts/presentation/boss_golem_skin.gd,KEEP_PATH_ACTIVE_ART_INTERSECTION,BossGolemSkin,scripts/presentation/boss_golem_skin.gd.uid,uid://qbarp57ee6wd,ecdab7019c75b2de7f798e5765875321cedd478f94dfeaf1fb39b575d65ea787,80154f9957009ca4655b5012e95b146d6e653447e8d7a00315ce463f3c0c558d,1,PROPOSAL_ONLY_NO_MOVE
presentation,scripts/presentation/campfire_visual_skin.gd,scripts/presentation/campfire_visual_skin.gd,KEEP_PATH_ACTIVE_ART_INTERSECTION,CampfireVisualSkin,scripts/presentation/campfire_visual_skin.gd.uid,uid://cebgs2ev4amyj,995d76d0152a905939af90366a18815093155cfb2447afdb68d8efb5f47e1707,1eda8a73dcf854fc34d8e5a2c666976cb04f0d8a7d00da7ac65aaaa4878c5edb,1,PROPOSAL_ONLY_NO_MOVE
presentation,scripts/presentation/dungeon_atmosphere.gd,scripts/presentation/dungeon_atmosphere.gd,KEEP_PATH_ACTIVE_ART_INTERSECTION,DungeonAtmosphere,scripts/presentation/dungeon_atmosphere.gd.uid,uid://bqlpyerniy3qp,e4c4dfcd59fbcdd2c316627e11f65f4be9daa1dfb7ea65645567ecb2a0e129b2,4262c1c64d4f7e281946a51c00da38ffe72afcfbf3f1cabe99c2e47c705f5054,1,PROPOSAL_ONLY_NO_MOVE
presentation,scripts/presentation/dungeon_backdrop.gd,scripts/presentation/dungeon_backdrop.gd,KEEP_PATH_ACTIVE_ART_INTERSECTION,DungeonBackdrop,scripts/presentation/dungeon_backdrop.gd.uid,uid://dk62o1rbcirrq,a8c641bc79bc44f110aee7fcd42985eaad34de3102d4abfbbf1d8cfa07f35784,128b0b83766823cfa4d79c115875b0c7d9cd20c0298b05743a2cebeb4831d511,1,PROPOSAL_ONLY_NO_MOVE
presentation,scripts/presentation/dungeon_debug_overlay.gd,scripts/presentation/dungeon_debug_overlay.gd,KEEP_PATH_ACTIVE_ART_INTERSECTION,DungeonDebugOverlay,scripts/presentation/dungeon_debug_overlay.gd.uid,uid://cuivuiatsk2uj,04ee755d9ca83ad9dcfd1bdf87d587c5bc0990f8bda18ab5783d84428118c7b2,f6dcd6c3ebcbd73e488f0b1014a0ae71978b193410cf527323f16124b3bd9546,1,PROPOSAL_ONLY_NO_MOVE
presentation,scripts/presentation/element_affliction_vfx.gd,scripts/presentation/element_affliction_vfx.gd,KEEP_PATH_ACTIVE_ART_INTERSECTION,ElementAfflictionVFX,scripts/presentation/element_affliction_vfx.gd.uid,uid://d2mmr8dui3eml,8fd4c855e3da37b3494953f8678cec3728710b3b50182161668bac8d57b99690,4b9911bb27163abf4f486e6a889e30bc91cccee0fda1548a5d8cafe9564867a7,1,PROPOSAL_ONLY_NO_MOVE
presentation,scripts/presentation/enemy_sprite_art.gd,scripts/presentation/enemy_sprite_art.gd,KEEP_PATH_ACTIVE_ART_INTERSECTION,EnemySpriteArt,scripts/presentation/enemy_sprite_art.gd.uid,uid://cxiyagg0gvaa8,b9a41adfbec1cffbdf5f0eab5c5658d23bb141f1f606648ed2c59f440935a703,cafcd59c8192e14b1d7e2e695fdb2ac9bbb28842e6946e4c7044e4ee0184024e,6,PROPOSAL_ONLY_NO_MOVE
presentation,scripts/presentation/equipment_visual.gd,scripts/presentation/equipment_visual.gd,KEEP_PATH_ACTIVE_ART_INTERSECTION,EquipmentVisual,scripts/presentation/equipment_visual.gd.uid,uid://d0d4ud86qy5j0,3dd16f7cfba5d5c4163991532f276b1fee17371e1b5dc6844f7a897a0a883307,593e62e66f63da6c930f897ea4f6490cb55f4aeb2c9ee2d4fb5acd8548b511f9,3,PROPOSAL_ONLY_NO_MOVE
presentation,scripts/presentation/footstep_dust.gd,scripts/presentation/footstep_dust.gd,KEEP_PATH_ACTIVE_ART_INTERSECTION,FootstepDust,scripts/presentation/footstep_dust.gd.uid,uid://berh6f6eh0t63,bdf1edd89f7af2daea174e8feaf8c5a0573d6e113764ace2ce0dc29670e5a4e1,c0178951c73ad409ec3ff5b30267dd58451cd4f247c70579cc0ad9cb57409b2b,1,PROPOSAL_ONLY_NO_MOVE
presentation,scripts/presentation/foyer_art.gd,scripts/presentation/foyer_art.gd,KEEP_PATH_ACTIVE_ART_INTERSECTION,FoyerArt,scripts/presentation/foyer_art.gd.uid,uid://dhcsl1q6po7r1,52d540595110c7bfe90458b435a6ffed7a58008eb7659c20ffd8220d8e81cc76,36142370101bf3e6844e340052e6f2474c49cf4b1ed5190b8997ff204de6ca13,1,PROPOSAL_ONLY_NO_MOVE
presentation,scripts/presentation/golem_ground_wave_vfx.gd,scripts/presentation/golem_ground_wave_vfx.gd,KEEP_PATH_ACTIVE_ART_INTERSECTION,GolemGroundWaveVFX,scripts/presentation/golem_ground_wave_vfx.gd.uid,uid://f7n5om3038qj,a45cd0ef3923cf00d458042fa28ce6bcbe925a1531370191bf68ded46081cd6c,87ba7d1b08312f62e9f985750b402a6551eeb27f5f80e6020f12b32557166dee,1,PROPOSAL_ONLY_NO_MOVE
presentation,scripts/presentation/golem_stomp_vfx.gd,scripts/presentation/golem_stomp_vfx.gd,KEEP_PATH_ACTIVE_ART_INTERSECTION,GolemStompVFX,scripts/presentation/golem_stomp_vfx.gd.uid,uid://baqaguxud4d6t,0eeb35ba1f716092ca61b360ee6d55df52bfd78c928ee7bfc90c4746fcd125bf,723445da3d6d4919283978c4083eb1266b260905b466683822da8d121e5da7a0,1,PROPOSAL_ONLY_NO_MOVE
presentation,scripts/presentation/guard_body_frames.gd,scripts/presentation/guard_body_frames.gd,KEEP_PATH_ACTIVE_ART_INTERSECTION,GuardBodyFrames,scripts/presentation/guard_body_frames.gd.uid,uid://nvm4psvshc3s,52a6132002c83e9c3cb53a4bfd714029c2c1ebf1c8542aa0bcaef73788dba117,7fa3fb80ff7c381b69dcc0f15563556e0721e4536b64a8cc535fa85980c5003a,2,PROPOSAL_ONLY_NO_MOVE
presentation,scripts/presentation/guard_sweep_vfx.gd,scripts/presentation/guard_sweep_vfx.gd,KEEP_PATH_ACTIVE_ART_INTERSECTION,GuardSweepVFX,scripts/presentation/guard_sweep_vfx.gd.uid,uid://ck1mxskby60a2,914b1816406b0838c95df12a89aadf65673f08a52e9a7d23e999be78e40078b2,b7932a64def753eb92f27638a92f443df92e6c99a331300c60bd53b7f3e1fd23,1,PROPOSAL_ONLY_NO_MOVE
presentation,scripts/presentation/impact_burst.gd,scripts/presentation/impact_burst.gd,KEEP_PATH_ACTIVE_ART_INTERSECTION,ImpactBurst,scripts/presentation/impact_burst.gd.uid,uid://clsacn3yvi6fj,d7913deaef32cbaddddb76f9d1227b27d7aef9f2e78f4e0f15b45f7ac3ed1124,5b34adcddac7e8e60903d3069234c8b9619bde295d9081f02ba9100d643896c7,1,PROPOSAL_ONLY_NO_MOVE
presentation,scripts/presentation/item_art_catalog.gd,scripts/presentation/item_art_catalog.gd,KEEP_PATH_ACTIVE_ART_INTERSECTION,ItemArtCatalog,scripts/presentation/item_art_catalog.gd.uid,uid://vys0ytax8w0p,87b2f0e3b7fdc6f8042f36780a0ba76abaeee01516c0a40cd1de792199b549db,ed591ff9cc19bd985c03d379ca26467fda0b10a6f4fa1d1a62a257f2a98facc9,8,PROPOSAL_ONLY_NO_MOVE
presentation,scripts/presentation/loot_visual_skin.gd,scripts/presentation/loot_visual_skin.gd,KEEP_PATH_ACTIVE_ART_INTERSECTION,LootVisualSkin,scripts/presentation/loot_visual_skin.gd.uid,uid://bk6lf3uoab6ns,e1ff1ce5f1047cdea593fbb1971fc2605721528e2f5d14907a1444ed66d18761,adc7f2ed88f186ad353b9c352601c720f98c5dc6d2502b1b0cd223267a0c6ea7,1,PROPOSAL_ONLY_NO_MOVE
presentation,scripts/presentation/movement_vfx.gd,scripts/presentation/movement_vfx.gd,KEEP_PATH_ACTIVE_ART_INTERSECTION,MovementVFX,scripts/presentation/movement_vfx.gd.uid,uid://dt8pam41jfm7u,c833059765e57d7f114dd583e75699c947445f270a3cb3b4439690e60a65f749,a9369fc06becf858a5e64f1347d3fc820d9db72d81be497c77281d07352c372a,1,PROPOSAL_ONLY_NO_MOVE
presentation,scripts/presentation/pilgrimage_art_pack.gd,scripts/presentation/pilgrimage_art_pack.gd,KEEP_PATH_ACTIVE_ART_INTERSECTION,PilgrimageArtPack,scripts/presentation/pilgrimage_art_pack.gd.uid,uid://dt748ci0xkjfw,0a2a3cb91d692aacf20d47a9e7764ea6aa716946ea44fc0f0cad60e358819b3d,bee4d06ace43cb5c96f344ba028a09f5f7b732f40f541326ec7ba6439e22191d,1,PROPOSAL_ONLY_NO_MOVE
presentation,scripts/presentation/pilgrimage_presentation.gd,scripts/presentation/pilgrimage_presentation.gd,KEEP_PATH_ACTIVE_ART_INTERSECTION,PilgrimagePresentation,scripts/presentation/pilgrimage_presentation.gd.uid,uid://66h5hm5i1qsm,fef0c159f4905fff66ec360d89663dd5028cd49a3e170c13af7768f056eb2a95,407380d69e30ce04e53de58435a50af4c5b822ff185392f49a740d43232347a4,1,PROPOSAL_ONLY_NO_MOVE
presentation,scripts/presentation/player_camera.gd,scripts/presentation/player_camera.gd,KEEP_PATH_ACTIVE_ART_INTERSECTION,PlayerCamera,scripts/presentation/player_camera.gd.uid,uid://b3fxtyibipfsn,88d2bc5ad4bb5bfc25dc5776cce51b2c205a67d641ca268afcd2f7db0fbaba11,eac8a1e8fb94d6571b3234af6080d7c385895192ca6d068661cf38036fb1b66c,1,PROPOSAL_ONLY_NO_MOVE
presentation,scripts/presentation/player_visual_rig.gd,scripts/presentation/player_visual_rig.gd,KEEP_PATH_ACTIVE_ART_INTERSECTION,PlayerVisualRig,scripts/presentation/player_visual_rig.gd.uid,uid://d2s7brglyvu2q,8a9d561462b25355accbae2b76938f314e3e4f74c3d128a2c86236db8a4a0b41,d96b808a98e7efec902a381cf61f5a4d11df224a3f766a2a2632ab72352f8274,3,PROPOSAL_ONLY_NO_MOVE
presentation,scripts/presentation/prologue_hub_art.gd,scripts/presentation/prologue_hub_art.gd,KEEP_PATH_ACTIVE_ART_INTERSECTION,PrologueHubArt,scripts/presentation/prologue_hub_art.gd.uid,uid://c3d7fb2ney4ua,47a93f491769cab31c8c41461f56616d47ea8746bee2bf94a0f0350686c20635,e2f11fe3eb673102244737d91aa8ca0a8aa52fc8ac7f1bc11e485b51bea87c47,0,PROPOSAL_ONLY_NO_MOVE
presentation,scripts/presentation/prop_sprite_skin.gd,scripts/presentation/prop_sprite_skin.gd,KEEP_PATH_ACTIVE_ART_INTERSECTION,PropSpriteSkin,scripts/presentation/prop_sprite_skin.gd.uid,uid://boe7hk4toajhh,3bdb4622ece958db95a3e6c7f57a351d0af95aafd6de01bc895a8febc00cadc2,b4a9de8a23dd104db01d0c1b7194b4883501f3b71d6b79da0fa5405cd7e931c4,1,PROPOSAL_ONLY_NO_MOVE
presentation,scripts/presentation/slice_presentation.gd,scripts/presentation/slice_presentation.gd,KEEP_PATH_ACTIVE_ART_INTERSECTION,SlicePresentation,scripts/presentation/slice_presentation.gd.uid,uid://ddgcdr4sh4x0,dbf8a40b5acc110c43458b0b723c2f5a0387195a9dbe683ace7107687793d820,389f023e835887499ddee8c37a9026830665a775f87d9bc008e07e2478e0e053,3,PROPOSAL_ONLY_NO_MOVE
presentation,scripts/presentation/slime_sprite_skin.gd,scripts/presentation/slime_sprite_skin.gd,KEEP_PATH_ACTIVE_ART_INTERSECTION,SlimeSpriteSkin,scripts/presentation/slime_sprite_skin.gd.uid,uid://dvyst0jvaw5ro,771db0a5d260b3856af793d8ae83f776d1fda8ac17366d61a85e658217fec773,e3a812acd2b98e246044fe1cdb7728acc78de4f494c759ac6bce927a4878e33f,1,PROPOSAL_ONLY_NO_MOVE
presentation,scripts/presentation/spell_projectile_vfx.gd,scripts/presentation/spell_projectile_vfx.gd,KEEP_PATH_ACTIVE_ART_INTERSECTION,SpellProjectileVFX,scripts/presentation/spell_projectile_vfx.gd.uid,uid://fdrkyqqirspv,ee8903fa8fe53f0e8545aff6c333a26f5754d9b3e8e26c9ec5d58b74a53291de,07e72df2c961d031545863857e7068728462c16328b76487ee28a65d060ce90d,1,PROPOSAL_ONLY_NO_MOVE
presentation,scripts/presentation/weapon_motion_pose.gd,scripts/presentation/weapon_motion_pose.gd,KEEP_PATH_ACTIVE_ART_INTERSECTION,WeaponMotionPose,scripts/presentation/weapon_motion_pose.gd.uid,uid://bkh2cemcn13rb,5589252adaa4cc41e54b0f15d9d43738b47018a6f78ca75782ab503fc1c46122,e9a7fb374ce6f75b95d2790932ae5ab8f5ef50ba09018116213e8e68a28bee00,2,PROPOSAL_ONLY_NO_MOVE
presentation,scripts/presentation/weapon_trail.gd,scripts/presentation/weapon_trail.gd,KEEP_PATH_ACTIVE_ART_INTERSECTION,WeaponTrail,scripts/presentation/weapon_trail.gd.uid,uid://3muyyog3xvgv,87f1445266d5141c10339c5292b854457a75e41ac6c1bbac3eea1b94dd6b169a,4c46048c1077f6902d3c24a5093b585d1a49898eede1762668fb8f6ed82a2abc,1,PROPOSAL_ONLY_NO_MOVE
presentation,scripts/presentation/world_enemy_visual.gd,scripts/presentation/world_enemy_visual.gd,KEEP_PATH_ACTIVE_ART_INTERSECTION,WorldEnemyVisual,scripts/presentation/world_enemy_visual.gd.uid,uid://3tjinbuqugtt,576211193df376a752cff026d9433f70986665469c1c0e70ba5656ae26bb126c,c15adb625ac2dbaabf1d2d6d7b82878931e412738c191f4ea091e48582627a9e,1,PROPOSAL_ONLY_NO_MOVE
world,scripts/resources/drop_table_resource.gd,scripts/world/definitions/drop_table_resource.gd,CONTENT_IDS_AND_RESOURCE_PATHS_HOLD,DropTableResource,scripts/resources/drop_table_resource.gd.uid,uid://c5tisooxxw583,eb011a4083b70f8c9e999688fa381987f77cdf32ade343e11c36f89955da05a1,79a1eb455cc9e58d7c4a08c5dc21183ba85d9bd4fe7cae2aa88db29ffeb18c87,2,PROPOSAL_ONLY_NO_MOVE
items,scripts/resources/equipment_data.gd,scripts/gameplay/items/definitions/equipment_data.gd,CONTENT_IDS_AND_RESOURCE_PATHS_HOLD,EquipmentData,scripts/resources/equipment_data.gd.uid,uid://dygm8urmbjrjt,1d4f8208bd97312be795d71cf4efa310daa0c7dc93a9688843fe566a4ba14e67,8514da909ca1a27b901ea3e19e0e22af9c7850484a8ae3bf44e2f0072c1c9f53,17,PROPOSAL_ONLY_NO_MOVE
items,scripts/resources/forge_recipe.gd,scripts/gameplay/items/definitions/forge_recipe.gd,CONTENT_IDS_AND_RESOURCE_PATHS_HOLD,ForgeRecipe,scripts/resources/forge_recipe.gd.uid,uid://c6ap32iae627u,03de6b76ef3e730c932e31114df33c2fe9195ebc36f2c7067c981a6975a74c65,ca7d85e70b67067ac9598efa5c4bc00453151033a3867ff48209f44b96c55ecb,2,PROPOSAL_ONLY_NO_MOVE
items,scripts/resources/gear_variant_data.gd,scripts/gameplay/items/definitions/gear_variant_data.gd,CONTENT_IDS_AND_RESOURCE_PATHS_HOLD,GearVariantData,scripts/resources/gear_variant_data.gd.uid,uid://b51ucr26stak5,c7b4cd0c08040dd3ef9fcd426cc3e77b898916bb0ec46ddd6417f171ee031639,84a04d7e038ed12ae55c993b668a90b42b838018fc0a906add567cea600c57bd,1,PROPOSAL_ONLY_NO_MOVE
items,scripts/resources/material_catalog.gd,scripts/gameplay/items/definitions/material_catalog.gd,CONTENT_IDS_AND_RESOURCE_PATHS_HOLD,MaterialCatalog,scripts/resources/material_catalog.gd.uid,uid://brylweelntmim,6cbe25c377f7461362c7a5f33ce7648005b2c030b5505acb5f30e38ec863e83d,cc6d8e7c81246b1ecb8e4b12c8063a64d6ec57f9ee9829f32adb915dfb83c1bf,13,PROPOSAL_ONLY_NO_MOVE
presentation,scripts/resources/modular_character_part.gd,scripts/presentation/definitions/modular_character_part.gd,CONTENT_IDS_AND_RESOURCE_PATHS_HOLD,ModularCharacterPart,scripts/resources/modular_character_part.gd.uid,uid://d01dc5qg3emn1,3390b114d5218221c02488a7c2e8632f6f35a013e62b4a53e8a0685a3b2751f8,f6ff3fc5105acc53916850c7ee7d9570b534db85aa05f982f2d03b025601763b,3,PROPOSAL_ONLY_NO_MOVE
presentation,scripts/resources/modular_character_skin.gd,scripts/presentation/definitions/modular_character_skin.gd,CONTENT_IDS_AND_RESOURCE_PATHS_HOLD,ModularCharacterSkin,scripts/resources/modular_character_skin.gd.uid,uid://bixfvg8d3nqxf,97fe8b80a8601022d944d582714daa59aab7a31a3002d7318434740b0f0742e3,c255a6c16b5a1ebefc4d6d45266c5c3fa2fa3950b9de4e009b4ab25eb0182f93,1,PROPOSAL_ONLY_NO_MOVE
items,scripts/resources/weapon_variant_catalog.gd,scripts/gameplay/items/definitions/weapon_variant_catalog.gd,CONTENT_IDS_AND_RESOURCE_PATHS_HOLD,WeaponVariantCatalog,scripts/resources/weapon_variant_catalog.gd.uid,uid://c2e4glabe06ir,e0723344a038d258caea9dcc5af36160493fb571825fc656e1e023d65f9d3b5b,a8042eef7da68828f17c6d0b3f4910ba0aed8eeda49159171f2aa30472979de7,1,PROPOSAL_ONLY_NO_MOVE
world,scripts/resources/world_enemy_data.gd,scripts/world/definitions/world_enemy_data.gd,CONTENT_IDS_AND_RESOURCE_PATHS_HOLD,WorldEnemyData,scripts/resources/world_enemy_data.gd.uid,uid://qyv5eqw3clsk,d95a948709a26b077f3fe6246fc7c5a79a95b58f95adea9e69278fe65f7c7091,6991d0fdf0d7f04d0719c752270f218f0661a3d0340a9f95909027061a1db1fa,2,PROPOSAL_ONLY_NO_MOVE
world,scripts/resources/world_progression_catalog.gd,scripts/world/definitions/world_progression_catalog.gd,CONTENT_IDS_AND_RESOURCE_PATHS_HOLD,WorldProgressionCatalog,scripts/resources/world_progression_catalog.gd.uid,uid://bqe4iydiyvs8x,2fc2d4fde658637cb613df302f8b11015879889faa8b0ad60bb81a8b6d28f850,4e34fb73f42489f06214f99efb5077c73a20eb7e9a6870f84fa62d625805ebe8,10,PROPOSAL_ONLY_NO_MOVE
world,scripts/rooms/dungeon_room.gd,scripts/world/dungeon/dungeon_room.gd,ACTIVE_DUNGEON_MAP_HOLD,DungeonRoom,scripts/rooms/dungeon_room.gd.uid,uid://qfly2pq4c4yy,74f871048dcadadc29e782d60b9ca7db070a984695f51e0c498c0473b623042d,bffe42698616d97f5eb044debbe3f3dd5d20782bbe5bab54353201ca520db477,1,PROPOSAL_ONLY_NO_MOVE
world,scripts/rooms/dungeon_run.gd,scripts/world/dungeon/dungeon_run.gd,ACTIVE_DUNGEON_MAP_HOLD,DungeonRun,scripts/rooms/dungeon_run.gd.uid,uid://beyytpp3uxjke,db463a887a19a5f888bed3f4c3ce0cda35dc3829fc9330f91efc0af8c0ec2a1f,f702a3818605009ddb37c82c8a540e009d2c1106487373166f64b354d4b61149,5,PROPOSAL_ONLY_NO_MOVE
world,scripts/rooms/linear_campaign.gd,scripts/world/dungeon/linear_campaign.gd,ACTIVE_DUNGEON_MAP_HOLD,LinearCampaign,scripts/rooms/linear_campaign.gd.uid,uid://cklsxyi71xbpv,8687d2d4071a6cffe9c6f2848b8afb652158bbac9f3b75bc870c7427e26ae665,e6672c18e1345c9248d48ba233ae29438f9fd9c3503235ac2026c949fd081690,1,PROPOSAL_ONLY_NO_MOVE
world,scripts/rooms/test_level.gd,scripts/world/dungeon/test_level.gd,ACTIVE_DUNGEON_MAP_HOLD,,scripts/rooms/test_level.gd.uid,uid://dsom5jvox4th6,5fa7ee57a6454160484e617e6700a7220c671a72edc255607b3f384821909c4a,1f4d00f4679606a1f17795a3e45e87a83a83b9d8fb460d8b90775a021077097b,0,PROPOSAL_ONLY_NO_MOVE
world,scripts/rooms/world_campaign.gd,scripts/world/dungeon/world_campaign.gd,ACTIVE_DUNGEON_MAP_HOLD,WorldCampaign,scripts/rooms/world_campaign.gd.uid,uid://cfwujr1umioql,827b01748e90bcb3432daa79c49de8a4d9ffdd0478462879ff30d77b387a7f6d,12ea21e73685698db2093a733d06e97b559b7854f3772a95689aa46efaf38085,0,PROPOSAL_ONLY_NO_MOVE
talisman,scripts/runtime/catalyst_runtime.gd,scripts/gameplay/talisman/runtime/catalyst_runtime.gd,EXACT_MULTISET_HOLD,CatalystRuntime,scripts/runtime/catalyst_runtime.gd.uid,uid://d2q8rb1ow625t,5be3ad36cdef18c18693c7078588617074447c8474075c9315c364bc4b64e4b5,37584b08eaab077ed584842bfb2f00265120ccedd71132c4577324648b4719c8,2,PROPOSAL_ONLY_NO_MOVE
world,scripts/runtime/content_session.gd,scripts/world/sessions/content_session.gd,COMPOSITION_SESSION_DEFERRED,ContentSession,scripts/runtime/content_session.gd.uid,uid://dsj8klblc6vsx,8dd1b4182425138db0cf5c016c2c20356b35bef08837301db4e71f4d3b7f100e,b4f0cfba3cf35f2178f13bd9990b747b428fdc337a25e6fe1fbc3da86a6a48bb,3,PROPOSAL_ONLY_NO_MOVE
quests,scripts/runtime/courier_progress.gd,scripts/gameplay/quests/courier_progress.gd,DURABLE_PROGRESS_DEFERRED,CourierProgress,scripts/runtime/courier_progress.gd.uid,uid://bl1ve78wo02x6,aae497cc2c74c9434cb5d45fcd59dcc790f6c4e9144e59bd4515215deafbe27f,a90f273cfa1e3b8e113208e20f8fb55c6e4cf3e88f8b4997cf9c29f0f39826fa,3,PROPOSAL_ONLY_NO_MOVE
items,scripts/runtime/economy_session.gd,scripts/gameplay/items/economy_session.gd,UID_LEDGER_ECONOMY_HOLD,EconomySession,scripts/runtime/economy_session.gd.uid,uid://0ndcp45ucb3v,154f3bdc9aeec35b9cb21b82297fa37cd24f83a8fad302c38d7435156bd3f2d0,84aec1f4b39a75506f3f269ae4cf00d04cbce1d210c2d292a6dbac8a66d4e546,5,PROPOSAL_ONLY_NO_MOVE
items,scripts/runtime/equipment_stats.gd,scripts/gameplay/items/equipment_stats.gd,UID_LEDGER_ECONOMY_HOLD,EquipmentStats,scripts/runtime/equipment_stats.gd.uid,uid://cjgsymph638ai,cfe05feb3c901ea9ee0b392e0b600c98c469175c0b52abe6dd3c254a0b92a52b,55a1dac0b43693871f4dcec54042778746a8e8917e289fe708edfe2f5bd9525c,2,PROPOSAL_ONLY_NO_MOVE
items,scripts/runtime/gear_inventory.gd,scripts/gameplay/items/gear_inventory.gd,UID_LEDGER_ECONOMY_HOLD,GearInventory,scripts/runtime/gear_inventory.gd.uid,uid://dx2rtw8j2go28,0d3154465c2a7c38a9ad3d1b6595ca6d1f50d5494705d5db74e1fd728822a726,4bb7a46f7779e6116aa3d619a388b69a31c9f1754a9d66cac8397bc104544d97,25,PROPOSAL_ONLY_NO_MOVE
items,scripts/runtime/gear_inventory_codec.gd,scripts/gameplay/items/gear_inventory_codec.gd,UID_LEDGER_ECONOMY_HOLD,GearInventoryCodec,scripts/runtime/gear_inventory_codec.gd.uid,uid://boimr8ka3pqow,8542e37e90069edcbe651a7f21b752ed43de14fd6f3f5d0d67df4d149f2ce9d5,2f6da5636ac7e16024f5b82d656ae7c5c23a7e66b2e729e5267a806c8d7cd960,4,PROPOSAL_ONLY_NO_MOVE
items,scripts/runtime/gear_item.gd,scripts/gameplay/items/gear_item.gd,UID_LEDGER_ECONOMY_HOLD,GearItem,scripts/runtime/gear_item.gd.uid,uid://g87pcs7uw8gc,197b263c0c51d7a893c4de845a01be79be4c2ed4af487d9169612b1da6de73c8,3425a119693aa1e70207e8bdf0352d68afbaee56ebda9d35a8921cd2a4d4bf10,28,PROPOSAL_ONLY_NO_MOVE
world,scripts/runtime/gear_session.gd,scripts/world/sessions/gear_session.gd,COMPOSITION_SESSION_DEFERRED,GearSession,scripts/runtime/gear_session.gd.uid,uid://cv5pkl8etoava,c7510adbd86f938171dc8cdfee1bb561acffffc97931bf5398c36e65f330f232,68d98a19eb3b856ce30c80d17676bf512077009ca8410a2dad1b213c26656c36,7,PROPOSAL_ONLY_NO_MOVE
talisman,scripts/runtime/loadout_runtime.gd,scripts/gameplay/talisman/runtime/loadout_runtime.gd,EXACT_MULTISET_HOLD,LoadoutRuntime,scripts/runtime/loadout_runtime.gd.uid,uid://hs1eu0nqkdk0,85ac841228a919362045f41c421e45a3165c0f22b87693dc63a7d67caf7c035b,ba598625c39025981b3102a20ca73e7ad5a93b462a84bcef010494ed71bb6e17,1,PROPOSAL_ONLY_NO_MOVE
items,scripts/runtime/loot_affix_catalog.gd,scripts/gameplay/items/loot_affix_catalog.gd,UID_LEDGER_ECONOMY_HOLD,LootAffixCatalog,scripts/runtime/loot_affix_catalog.gd.uid,uid://dajv3yqkhjbdw,c8a6f321a884b378c988b4fc7d7f5c04ce89103df00fe464d9b8ef2fe526c85b,7e59bb79b576848175cba377727663be731c4382f971ad62f358a719993c113e,4,PROPOSAL_ONLY_NO_MOVE
items,scripts/runtime/loot_affix_roller.gd,scripts/gameplay/items/loot_affix_roller.gd,UID_LEDGER_ECONOMY_HOLD,LootAffixRoller,scripts/runtime/loot_affix_roller.gd.uid,uid://gkowwl7wffgi,99b2d67fea6af1ecefe23eb4060292e3f0381ebd1012a69195667949e7bbdbcd,6b9e660e1bd176501cf8c39ae60a6be49a1957352eb512988730765446d81216,2,PROPOSAL_ONLY_NO_MOVE
quests,scripts/runtime/opening_progress.gd,scripts/gameplay/quests/opening_progress.gd,DURABLE_PROGRESS_DEFERRED,OpeningProgress,scripts/runtime/opening_progress.gd.uid,uid://bdknynm4sdrqb,8d449eb2710e7dfc598e5f65636bf499ebf955fd247c97daa8ceb8a197723858,19ee5bf9789c60655f2a0af5512b479149b1214a12f9cb1dac1c1a5a56821e4e,8,PROPOSAL_ONLY_NO_MOVE
world,scripts/runtime/player_travel.gd,scripts/world/travel/player_travel.gd,ACTIVE_MAP_HOLD,PlayerTravel,scripts/runtime/player_travel.gd.uid,uid://c8v4nu7q4hkq1,37dcf2d2c30b571144b7e814fc913c524a32caf45f90b094fedadd2130b2e33e,cff5123db8a7808c00c6cffa1f37bfb0ff67d0e227f43c919071699847bfe3a5,4,PROPOSAL_ONLY_NO_MOVE
world,scripts/runtime/profile_commit_writer.gd,scripts/world/persistence/profile_commit_writer.gd,SAVE_CONTRACT_HOLD,,scripts/runtime/profile_commit_writer.gd.uid,uid://bcqapr8ppdoj2,3e879819f42668c72fa78039d22ffb22d2769888c23dfce3ce002a288024eec5,5be4de6c5571598e582e0ac2ee8aa730f93e2427481d316dc657b1f24dd56889,0,PROPOSAL_ONLY_NO_MOVE
core,scripts/runtime/profile_json_spans.gd,scripts/core/persistence/profile_json_spans.gd,PURE_JSON_LEAF_DEFERRED,,scripts/runtime/profile_json_spans.gd.uid,uid://bs6hkumq0pgub,8214e3a5ff0f83149f7998e627428ea64aa08c2d52e0cfe7922abccf4d3eab86,0ddea699854b0154866de064899f3c01fcffc3416abb8da3597af832152b7d1a,0,PROPOSAL_ONLY_NO_MOVE
items,scripts/runtime/relic_runtime.gd,scripts/gameplay/items/relic_runtime.gd,UID_LEDGER_ECONOMY_HOLD,RelicRuntime,scripts/runtime/relic_runtime.gd.uid,uid://dom2hfcttmbog,9a88ec17a9d97e05923b1798c922fb167fa6e64454533700bf29975ccf07b02a,9386e69342bbeaa8cc9f101327143e612981c819a846c49b66c55e694c55ddb0,6,PROPOSAL_ONLY_NO_MOVE
world,scripts/runtime/sanctuary_profile.gd,scripts/world/persistence/sanctuary_profile.gd,SAVE_CONTRACT_HOLD,SanctuaryProfile,scripts/runtime/sanctuary_profile.gd.uid,uid://bf8ptafcgkmlv,d15ea10ded9a2c153208d244463ddccaef6a23f3d82195da33b3034ec85e366e,7678fc155c15a316e1b4294e9b21057ae2a42bd7b36447c01c20bb013897ea25,23,PROPOSAL_ONLY_NO_MOVE
world,scripts/runtime/survival_session.gd,scripts/world/sessions/survival_session.gd,COMPOSITION_SESSION_DEFERRED,SurvivalSession,scripts/runtime/survival_session.gd.uid,uid://cuu41vfwlvdm0,ba6a8c0dad38aa774aa9aae9db0f0198483321fa0774f9db363559f4a53a6f8c,9b6f481ba1d2d804c4a862018f7b3a5a709a1d3f049656bd5a043f0edf803e76,2,PROPOSAL_ONLY_NO_MOVE
talisman,scripts/spells/catalyst.gd,scripts/gameplay/talisman/catalyst.gd,EXACT_MULTISET_HOLD,Catalyst,scripts/spells/catalyst.gd.uid,uid://nh4ym1jkd8gd,d8d037150af35df2ce5d950b3c1a1b0947441b1fecd45bbcb12800585117b5e7,fe10c5ecf1abf3465f9cbe7aca52c533815294bd1a3e82ef0cf884245ec7f27c,1,PROPOSAL_ONLY_NO_MOVE
talisman,scripts/spells/element_field.gd,scripts/gameplay/talisman/element_field.gd,EXACT_MULTISET_HOLD,ElementField,scripts/spells/element_field.gd.uid,uid://bj4u1ohasta66,702e37615841f2b5cfb8cdaf659360dbbcb6e3bde8b2f62e9ffb0dd6ae011d3a,6330aea325c7af896d7101a3d1f1484360907333ab649492d49d88b6e2ec5ce0,2,PROPOSAL_ONLY_NO_MOVE
talisman,scripts/spells/firestorm_effect.gd,scripts/gameplay/talisman/firestorm_effect.gd,EXACT_MULTISET_HOLD,FirestormEffect,scripts/spells/firestorm_effect.gd.uid,uid://ca71f7nt154so,1fdffb79a27d6dda0c0351672747d7af7056155fca5c1203b5284314b4b3d63e,06fff519fe6986a4bd3a1a85a5d5e5789767a2cee7edc8772ce9da8eb7f74da0,2,PROPOSAL_ONLY_NO_MOVE
talisman,scripts/spells/phantom_echo.gd,scripts/gameplay/talisman/phantom_echo.gd,EXACT_MULTISET_HOLD,PhantomEcho,scripts/spells/phantom_echo.gd.uid,uid://clymsnox2iqe0,17b8710dc4fb1ce3a3ed96f07ed2dfe8eeb608d14d78a55ea265d0db5626c8f0,f6133df3a5e0bbda51a074559a54b2d4e827f4a5d579dcb6ae762b40114d747e,1,PROPOSAL_ONLY_NO_MOVE
talisman,scripts/spells/resonance_controller.gd,scripts/gameplay/talisman/resonance_controller.gd,EXACT_MULTISET_HOLD,ResonanceController,scripts/spells/resonance_controller.gd.uid,uid://c7bdpxw13qoo4,0166c855f2214bdc71587e0554fb4f4bd36f74d7844f56d1a8037595d1bd18b4,ec8226082f1e2b2601ae7d489bece127b26ed7f86eee4e1cfe0d18362b39fb40,2,PROPOSAL_ONLY_NO_MOVE
talisman,scripts/spells/resonance_resolver.gd,scripts/gameplay/talisman/resonance_resolver.gd,EXACT_MULTISET_HOLD,ResonanceResolver,scripts/spells/resonance_resolver.gd.uid,uid://daci6m0vvcplk,9b3ef736bdd20a01c5796357fedf78bcc94adc3669e1fcedaa3da49785c61462,e9481712597723d33df366c84c4c78332473285b74f64450c5197816f9b5a9c4,2,PROPOSAL_ONLY_NO_MOVE
talisman,scripts/spells/spell_context.gd,scripts/gameplay/talisman/spell_context.gd,EXACT_MULTISET_HOLD,SpellContext,scripts/spells/spell_context.gd.uid,uid://bgd8c4look0mi,3cc1550dc646282368252fe28264cf2ce0e17dcecc04203d6ed1428363049934,1cc9a084601d9537b459a9a549615e7b4a949f6e80c54726e1aa9bc71e44c43d,6,PROPOSAL_ONLY_NO_MOVE
talisman,scripts/spells/spell_executor.gd,scripts/gameplay/talisman/spell_executor.gd,EXACT_MULTISET_HOLD,SpellExecutor,scripts/spells/spell_executor.gd.uid,uid://bjt4aj8dd6sdx,a1ed9ac52bc14918be516a66d1b730d97e4bc8c8a3155afc32e5abefd1cf1f9d,9ec7038d0a2aca6842dc194c8a965cc531a2d31554fad47e3ecd105f9a794c95,12,PROPOSAL_ONLY_NO_MOVE
talisman,scripts/spells/spell_projectile.gd,scripts/gameplay/talisman/spell_projectile.gd,EXACT_MULTISET_HOLD,SpellProjectile,scripts/spells/spell_projectile.gd.uid,uid://dan2e4ou78ws0,07e5d8b98091baa1d97dbaee91fa2c69fb6769c4389e53b25f3adbcb3d56a236,7a3254af31c24616d22eeff095207c2ba58e4b0451e0932d638f8800c4b98444,3,PROPOSAL_ONLY_NO_MOVE
talisman,scripts/spells/spell_snapshot.gd,scripts/gameplay/talisman/spell_snapshot.gd,EXACT_MULTISET_HOLD,SpellSnapshot,scripts/spells/spell_snapshot.gd.uid,uid://duqxici75nt7t,13dd982287eade670dd5a2c8185ec90d3a0f6e1f4d5d8896e75681dc699f8966,335682fc9f0b7eb24d3e637e836959e602f73bc5328c15baa0bab5110181771d,7,PROPOSAL_ONLY_NO_MOVE
talisman,scripts/spells/spell_visual.gd,scripts/gameplay/talisman/spell_visual.gd,EXACT_MULTISET_HOLD,SpellVisual,scripts/spells/spell_visual.gd.uid,uid://cgai6pnjy1sd2,5fbef7e13bce7d40ed62f718832067e8f1479bdb7b6f73ee8b093f08197dbdfb,834f50e30ca0758270041742f6bdc6f8eb2a4860da9996db273d3867bf5b7c38,4,PROPOSAL_ONLY_NO_MOVE
core,scripts/state_machine/state.gd,scripts/core/state_machine/state.gd,CORE_LEAF_DEFERRED,ActorState,scripts/state_machine/state.gd.uid,uid://c57wpvfsvbj5g,ed6234dc7142d90160c8231129b31bb3ada5c076ef056575b8373ccb69420c29,746023bda64947ef95e1152e5b5bc035c3f093d92ce57507a310647fe46a69c6,10,PROPOSAL_ONLY_NO_MOVE
core,scripts/state_machine/state_machine.gd,scripts/core/state_machine/state_machine.gd,CORE_LEAF_DEFERRED,ActorStateMachine,scripts/state_machine/state_machine.gd.uid,uid://bxcug0d40akro,2e056f05dded1e30461bfa054aec4c2b1d02eae450e4d6967c9f8d8774d642ee,2e0f531b9b4cec0c257d8b10bd899fb652a21f42cb99b7685849ab0af34f1fc2,9,PROPOSAL_ONLY_NO_MOVE
survival,scripts/story/StorytellerDirector.gd,scripts/gameplay/survival/StorytellerDirector.gd,EXISTING_SURVIVAL_DEFERRED,StorytellerDirector,scripts/story/StorytellerDirector.gd.uid,uid://dneunbte6p7gr,831c973f2beb0f0405aff7a8a5006e01576a75ec31475eac028753ba26c96c68,13316224434a0ba4edb0717536275a4941406f0bfa3077675664426ca7e2a7c1,2,PROPOSAL_ONLY_NO_MOVE
survival,scripts/story/incident_overlay.gd,scripts/gameplay/survival/incident_overlay.gd,EXISTING_SURVIVAL_DEFERRED,,scripts/story/incident_overlay.gd.uid,uid://dls4uua2e0dhd,090fe5d4247b54415b4b4fcf30238b3026b4bc6b8000c110cb6f8bc9839553aa,9c90ce123e35847d31acc113c23f04015932d4e622eb23af0e9c6b550c981eb2,0,PROPOSAL_ONLY_NO_MOVE
survival,scripts/story/phantom_visual.gd,scripts/gameplay/survival/phantom_visual.gd,EXISTING_SURVIVAL_DEFERRED,,scripts/story/phantom_visual.gd.uid,uid://xab73pophcop,34b176e5e3aedc449ac56d5b9086d3249fc2880ad2cb73c6e48cfe7a12d3c1bf,af4e70e413f5571601b485c16fcbdf6a91a298f3b75cb36992a24307f6db76b8,0,PROPOSAL_ONLY_NO_MOVE
ui,scripts/ui/antique_skin.gd,scripts/ui/antique_skin.gd,KEEP_EXISTING_UI_PATH,AntiqueSkin,scripts/ui/antique_skin.gd.uid,uid://b5cr6w6rpnils,2b7e259cd415ed8b028bd6007fac27256ef91f9795b6886beacdbd46e8728b4e,91476db57d518b63540e721d287a8f336d8cdb92db14719971b17e63549ba363,11,PROPOSAL_ONLY_NO_MOVE
ui,scripts/ui/debug_hud.gd,scripts/ui/debug_hud.gd,KEEP_EXISTING_UI_PATH,DebugHUD,scripts/ui/debug_hud.gd.uid,uid://b6ikcrkhl3m5w,16b365590eb55b34d80b4c65016f4571778e8caa89e5c35c7bde54c6708e9814,fafae2fa7e9a68bdb3b91b0af85a281a6c8c0380d1f81c0e2d36acf75ae4f3b3,2,PROPOSAL_ONLY_NO_MOVE
ui,scripts/ui/dialogue_box.gd,scripts/ui/dialogue_box.gd,KEEP_EXISTING_UI_PATH,DialogueBox,scripts/ui/dialogue_box.gd.uid,uid://bl5abb7l8x84m,c12aa80716103eef676db98fd6346908461930f0e763f1e30f6308fb997e6fe3,45288648758c2c65ccfa880da616faef77b19c2c483d53f588a60e6084222fe5,1,PROPOSAL_ONLY_NO_MOVE
ui,scripts/ui/dungeon_ui.gd,scripts/ui/dungeon_ui.gd,KEEP_EXISTING_UI_PATH,DungeonUI,scripts/ui/dungeon_ui.gd.uid,uid://cdw1ebmcdihpr,af3da86a1150e8a41a385cd608a67a6cd1baf4b9bfd5d6f20ef4bf86e9d9ba44,3446a65b26393c3f38e727ecdeac8e811a436789a311c5cdf959e0828b47aa53,8,PROPOSAL_ONLY_NO_MOVE
ui,scripts/ui/gear_inventory_modal.gd,scripts/ui/gear_inventory_modal.gd,KEEP_EXISTING_UI_PATH,GearInventoryModal,scripts/ui/gear_inventory_modal.gd.uid,uid://dp8rw1s4neaic,a69350dc22966770f018f51eab9aba1b4f2c4c8e9b574e4cb85646b53442e852,22027a9b3cd00b2e39ef2309e9ba0e00a75083df8de6c6febc31184d166a1459,2,PROPOSAL_ONLY_NO_MOVE
ui,scripts/ui/inventory_screen.gd,scripts/ui/inventory_screen.gd,KEEP_EXISTING_UI_PATH,InventoryScreen,scripts/ui/inventory_screen.gd.uid,uid://dxhrnjyjswkgy,f6ea38e3c6bb03b74ba1fab92acf48e0b9cdb166766f873ba97b04ad16dbce6c,512a74063e46e94b20de40269bebd753fac2d75e0443edb2e79e07e77c377180,3,PROPOSAL_ONLY_NO_MOVE
quests,scripts/ui/map_quest_projection.gd,scripts/gameplay/quests/projections/map_quest_projection.gd,VIEW_PROJECTION_ONLY_DEFERRED,MapQuestProjection,scripts/ui/map_quest_projection.gd.uid,uid://bj03ib46w47tb,f20ad0abe41313619a09497e5048983525b324c39a8d8d0c0da55369fb22e6f0,d22e4279f8a71d827d1269690003cb1abb20df400fcd38dc949df055864cd532,3,PROPOSAL_ONLY_NO_MOVE
ui,scripts/ui/map_route_graph.gd,scripts/ui/map_route_graph.gd,KEEP_EXISTING_UI_PATH,MapRouteGraph,scripts/ui/map_route_graph.gd.uid,uid://ccyf06d05hmbg,883cd67282abfe9cbe5006d8aa21dad6482ed3734d10d3ed3b96c629e3db53dc,fdbacd33bdc8efc2bbe704d6b1f158f7ceb230859f40be9d2c057d456103148a,1,PROPOSAL_ONLY_NO_MOVE
ui,scripts/ui/opening_item_presentation.gd,scripts/ui/opening_item_presentation.gd,KEEP_EXISTING_UI_PATH,OpeningItemPresentation,scripts/ui/opening_item_presentation.gd.uid,uid://l6ebgsjf1h7k,9af25e7e9c6bb11be4e9aa3b65e320f459342789ff03b79c673478ded5765442,3ad5b91826469bea08fda7d2ec815f676f942209154a7f166455a574e56228f2,2,PROPOSAL_ONLY_NO_MOVE
ui,scripts/ui/opening_progression_guide.gd,scripts/ui/opening_progression_guide.gd,KEEP_EXISTING_UI_PATH,OpeningProgressionGuide,scripts/ui/opening_progression_guide.gd.uid,uid://bfeaopf5xug48,92c9e1b49e9ba022258dde1513bd495bc0968e55b5bb693a7241c7aa34e20674,2ff4bcf1f8a0cab4eaaf739246c8cdf9389c1c6f23b66970ee0910e30ad2e20c,2,PROPOSAL_ONLY_NO_MOVE
quests,scripts/ui/opening_quest_cards.gd,scripts/gameplay/quests/projections/opening_quest_cards.gd,VIEW_PROJECTION_ONLY_DEFERRED,OpeningQuestCards,scripts/ui/opening_quest_cards.gd.uid,uid://q7vcgimhw0fq,33d1797da306f62202859a916cff183c04967d79d1edcd0179484762429026c2,4718fea2b35a97b2582f45451d05b4940f1f17f6d9ef0d0c5d01ab7515474ee5,2,PROPOSAL_ONLY_NO_MOVE
ui,scripts/ui/quest_journal.gd,scripts/ui/quest_journal.gd,KEEP_EXISTING_UI_PATH,QuestJournal,scripts/ui/quest_journal.gd.uid,uid://bmx6lk8ikx7yc,9aa1e3da3373410072b7473bdc0014cc93fbce67dd2a142ca486f01ef3231e01,5c586542dae4129b94a2904e122ed8aa26e19f25bb4ef428cadc8072eb851dad,1,PROPOSAL_ONLY_NO_MOVE
ui,scripts/ui/region_entry_card.gd,scripts/ui/region_entry_card.gd,KEEP_EXISTING_UI_PATH,RegionEntryCard,scripts/ui/region_entry_card.gd.uid,uid://rdbjw8k5spsu,640741077fda915bc86673636c646eb677f1fa0fa813c275ea586adc07b71876,d85caa0101dd16a4db60a317739b5f3b302b00889088f9e1f482ea3e758a547f,1,PROPOSAL_ONLY_NO_MOVE
ui,scripts/ui/run_save_recovery.gd,scripts/ui/run_save_recovery.gd,KEEP_EXISTING_UI_PATH,RunSaveRecovery,scripts/ui/run_save_recovery.gd.uid,uid://c3nmqf0edqnh,2fd6d664a9c4da4730ac3c523a78ed350ae50e0e465a363d624f0a91b350cf2d,f96724bb866bec3ed098add39bc23b4526781412d9491e26834b46d99e9dc76b,1,PROPOSAL_ONLY_NO_MOVE
ui,scripts/ui/service_item_card.gd,scripts/ui/service_item_card.gd,KEEP_EXISTING_UI_PATH,ServiceItemCard,scripts/ui/service_item_card.gd.uid,uid://rigpclcrmtjy,48c84541770b0f8094666c4a8965635a03a0421894c2e5ce9e4d9311be4a7bec,a0d56b6626e675933492384800f669b0e2a35d2a8d79c2b4ed4fbd1d9f58efb1,3,PROPOSAL_ONLY_NO_MOVE
ui,scripts/ui/service_item_grid.gd,scripts/ui/service_item_grid.gd,KEEP_EXISTING_UI_PATH,ServiceItemGrid,scripts/ui/service_item_grid.gd.uid,uid://cia81t8hnn4jy,79f292768e6f27add046f34a7acb642ef0a2ec1678a0d9b3f159eab6c9bcfd64,9453d9a3833dbbb1f301ac4d70ece90647808217dbe5497db1ef5b2a1dc9ea44,1,PROPOSAL_ONLY_NO_MOVE
ui,scripts/ui/survival_panel.gd,scripts/ui/survival_panel.gd,KEEP_EXISTING_UI_PATH,SurvivalPanel,scripts/ui/survival_panel.gd.uid,uid://c24hrtmtkwkrc,be9030be76470050919c70b1501178f3924ab2c480868d2a9c0b783b77f33bb3,69d04178440cac431092009b6ffd7b764f2f5b14c017be26eb4518f6e8309bd4,2,PROPOSAL_ONLY_NO_MOVE
presentation,scripts/utils/procedural_animator.gd,scripts/presentation/helpers/procedural_animator.gd,PURE_COSMETIC_HELPER_DEFERRED,ProceduralAnimator,scripts/utils/procedural_animator.gd.uid,uid://bnkams2gqjxk0,a242190239422056acffc59d85fa01d570e9bcd4639884a7f8aeb2dc49c1a8a9,e2b392af778bfbf5df196d04caf55e4e406a68a7bbad7a9780996ddfe012fea1,3,PROPOSAL_ONLY_NO_MOVE
world,scripts/world/exterior_hub.gd,scripts/world/exterior_hub.gd,KEEP_EXISTING_WORLD_PATH,ExteriorHub,scripts/world/exterior_hub.gd.uid,uid://cfjeksnbfr6vq,f6f9d76d894521b39b7c80b317d72a9c71bebfacc42229bedf96d76aa164697a,fe01bfb90bdef19436cca39bc2e5c21e773346a185ec138fe60705ba0170f991,4,PROPOSAL_ONLY_NO_MOVE
world,scripts/world/exterior_progress.gd,scripts/world/exterior_progress.gd,KEEP_EXISTING_WORLD_PATH,ExteriorProgress,scripts/world/exterior_progress.gd.uid,uid://cn7eqe2un7by,040ff09f1a105591af758543a9fb530fe83d4a11350f621c82ad886788cd5f30,c25c224e8bcb8568bbb705a3d4e21ec1fb45b548804c05f044a697dbdaaa1428,5,PROPOSAL_ONLY_NO_MOVE
world,scripts/world/exterior_room.gd,scripts/world/exterior_room.gd,KEEP_EXISTING_WORLD_PATH,ExteriorRoom,scripts/world/exterior_room.gd.uid,uid://bfgybw84llnva,58aff5c03ee6ad0ff7b6e8689c72ad2921c1962806c0b2c0fd1efcda64d1ac05,9ad76ef914c297f4214f22fba0248603ef22fbec4cd8eaf5874f7fb3ae56eda7,4,PROPOSAL_ONLY_NO_MOVE
world,scripts/world/exterior_route_catalog.gd,scripts/world/exterior_route_catalog.gd,KEEP_EXISTING_WORLD_PATH,ExteriorRouteCatalog,scripts/world/exterior_route_catalog.gd.uid,uid://c3jfi61xpkg77,c21481b6b0ceedf4ee0ead5d3d73c3c0af7dff5226c345a9d27288f448a1cf5e,cdc5507974c43a1cc420ff549b6cde73952be7d7b0d6dded25f293bb8713aaff,11,PROPOSAL_ONLY_NO_MOVE
world,scripts/world/traversal_lab_checkpoint.gd,scripts/world/traversal_lab_checkpoint.gd,KEEP_EXISTING_WORLD_PATH,TraversalLabCheckpoint,scripts/world/traversal_lab_checkpoint.gd.uid,uid://cmcxyxxcw3vna,f41bfbeef6440c5d90fbd62fa0a4838b1aa7c7027acf9be1c59765924cf6ee47,e7dd7fdca4049c0114509df414a36d033c6fbd75e1564659988e92c1ce2d5e42,1,PROPOSAL_ONLY_NO_MOVE
world,scripts/world/traversal_lab_room.gd,scripts/world/traversal_lab_room.gd,KEEP_EXISTING_WORLD_PATH,TraversalLabRoom,scripts/world/traversal_lab_room.gd.uid,uid://hx7q41x77bve,b0489bd0c0b0e86f97fb075bd38981254b616c4c796682156fe424249be1a9bc,43e3d09a84aab5f2c61e4ce69b8280529153616b1433618c8519f4cee1437b0e,2,PROPOSAL_ONLY_NO_MOVE
world,scripts/world/traversal_lab_world.gd,scripts/world/traversal_lab_world.gd,KEEP_EXISTING_WORLD_PATH,TraversalLabWorld,scripts/world/traversal_lab_world.gd.uid,uid://wat6cxhj4ybw,db7b4858e96e515105047c152c0c89fcd7bca7420210edd823ed1348f5bb6238,a9289a52ed188489a57f48ccedc951a81096d666451e12bb52cd5e70f1fe6464,0,PROPOSAL_ONLY_NO_MOVE
